Accession	Title	Links	Status	Release Date	Created	Updated	Submission	BioSample.name	BioSample.organism_name
SAMN29453502	368_d5	BioProject: 1, SRA: 1	Released	2022-10-25	2022-07-01T11:38:08.980Z	2022-10-25T09:19:18.420Z	SUB11601558	AGL3130	Severe acute respiratory syndrome coronavirus 2
SAMN29453500	368_d1	BioProject: 1, SRA: 1	Released	2022-10-25	2022-07-01T11:38:08.960Z	2022-10-25T09:19:18.406Z	SUB11601558	AGL3218	Severe acute respiratory syndrome coronavirus 2
SAMN29453498	367_d3	BioProject: 1, SRA: 1	Released	2022-10-25	2022-07-01T11:38:08.943Z	2022-10-25T09:19:18.390Z	SUB11601558	AGL3215	Severe acute respiratory syndrome coronavirus 2
SAMN29453497	367_d1	BioProject: 1, SRA: 1	Released	2022-10-25	2022-07-01T11:38:08.933Z	2022-10-25T09:19:18.360Z	SUB11601558	AGL3205	Severe acute respiratory syndrome coronavirus 2
SAMN29453492	365_d1	BioProject: 1, SRA: 1	Released	2022-10-25	2022-07-01T11:38:08.880Z	2022-10-25T09:19:18.346Z	SUB11601558	AGL3233	Severe acute respiratory syndrome coronavirus 2
SAMN29453491	364_d5	BioProject: 1, SRA: 1	Released	2022-10-25	2022-07-01T11:38:08.870Z	2022-10-25T09:19:18.330Z	SUB11601558	AGL2086	Severe acute respiratory syndrome coronavirus 2
SAMN29453490	364_d3	BioProject: 1, SRA: 1	Released	2022-10-25	2022-07-01T11:38:08.860Z	2022-10-25T09:19:18.306Z	SUB11601558	AGL2059	Severe acute respiratory syndrome coronavirus 2
SAMN29453486	363_d1	BioProject: 1, SRA: 1	Released	2022-10-25	2022-07-01T11:38:08.823Z	2022-10-25T09:19:18.283Z	SUB11601558	AGL2821	Severe acute respiratory syndrome coronavirus 2
SAMN29453485	362_d5	BioProject: 1, SRA: 1	Released	2022-10-25	2022-07-01T11:38:08.813Z	2022-10-25T09:19:18.260Z	SUB11601558	AGL2965	Severe acute respiratory syndrome coronavirus 2
SAMN29453482	361_d5	BioProject: 1, SRA: 1	Released	2022-10-25	2022-07-01T11:38:08.786Z	2022-10-25T09:19:18.236Z	SUB11601558	AGL2816	Severe acute respiratory syndrome coronavirus 2
SAMN29453476	359_d5	BioProject: 1, SRA: 1	Released	2022-10-25	2022-07-01T11:38:08.733Z	2022-10-25T09:19:18.216Z	SUB11601558	AGL2868	Severe acute respiratory syndrome coronavirus 2
SAMN29453474	359_d1	BioProject: 1, SRA: 1	Released	2022-10-25	2022-07-01T11:38:08.716Z	2022-10-25T09:19:18.190Z	SUB11601558	AGL2716	Severe acute respiratory syndrome coronavirus 2
SAMN29453472	358_d3	BioProject: 1, SRA: 1	Released	2022-10-25	2022-07-01T11:38:08.696Z	2022-10-25T09:19:18.133Z	SUB11601558	AGL2750	Severe acute respiratory syndrome coronavirus 2
SAMN29453471	358_d1	BioProject: 1, SRA: 1	Released	2022-10-25	2022-07-01T11:38:08.686Z	2022-10-25T09:19:18.100Z	SUB11601558	AGL2705	Severe acute respiratory syndrome coronavirus 2
SAMN29453470	357_d5	BioProject: 1, SRA: 1	Released	2022-10-25	2022-07-01T11:38:08.680Z	2022-10-25T09:19:18.080Z	SUB11601558	AGL2866	Severe acute respiratory syndrome coronavirus 2
SAMN29453469	357_d3	BioProject: 1, SRA: 1	Released	2022-10-25	2022-07-01T11:38:08.670Z	2022-10-25T09:19:18.060Z	SUB11601558	AGL2753	Severe acute respiratory syndrome coronavirus 2
SAMN29453468	357_d1	BioProject: 1, SRA: 1	Released	2022-10-25	2022-07-01T11:38:08.660Z	2022-10-25T09:19:18.040Z	SUB11601558	AGL2700	Severe acute respiratory syndrome coronavirus 2
SAMN29453461	354_d5	BioProject: 1, SRA: 1	Released	2022-10-25	2022-07-01T11:38:08.596Z	2022-10-25T09:19:18.016Z	SUB11601558	AGL2570	Severe acute respiratory syndrome coronavirus 2
SAMN29453459	354_d1	BioProject: 1, SRA: 1	Released	2022-10-25	2022-07-01T11:38:08.576Z	2022-10-25T09:19:17.993Z	SUB11601558	AGL2582	Severe acute respiratory syndrome coronavirus 2
SAMN29453456	353_d1	BioProject: 1, SRA: 1	Released	2022-10-25	2022-07-01T11:38:08.550Z	2022-10-25T09:19:17.973Z	SUB11601558	AGL2538	Severe acute respiratory syndrome coronavirus 2
SAMN29453451	351_d3	BioProject: 1, SRA: 1	Released	2022-10-25	2022-07-01T11:38:08.500Z	2022-10-25T09:19:17.953Z	SUB11601558	AGL3052	Severe acute respiratory syndrome coronavirus 2
SAMN29453450	351_d1	BioProject: 1, SRA: 1	Released	2022-10-25	2022-07-01T11:38:08.490Z	2022-10-25T09:19:17.926Z	SUB11601558	AGL3024	Severe acute respiratory syndrome coronavirus 2
SAMN29453440	347_d5	BioProject: 1, SRA: 1	Released	2022-10-25	2022-07-01T11:38:08.400Z	2022-10-25T09:19:17.876Z	SUB11601558	AGL3060	Severe acute respiratory syndrome coronavirus 2
SAMN29453436	346_d3	BioProject: 1, SRA: 1	Released	2022-10-25	2022-07-01T11:38:08.360Z	2022-10-25T09:19:17.853Z	SUB11601558	AGL2809	Severe acute respiratory syndrome coronavirus 2
SAMN29453433	345_d3	BioProject: 1, SRA: 1	Released	2022-10-25	2022-07-01T11:38:08.330Z	2022-10-25T09:19:17.826Z	SUB11601558	AGL2854	Severe acute respiratory syndrome coronavirus 2
SAMN29453427	343_d3	BioProject: 1, SRA: 1	Released	2022-10-25	2022-07-01T11:38:08.276Z	2022-10-25T09:19:17.803Z	SUB11601558	AGL2777	Severe acute respiratory syndrome coronavirus 2
SAMN29453422	341_d5	BioProject: 1, SRA: 1	Released	2022-10-25	2022-07-01T11:38:08.230Z	2022-10-25T09:19:17.780Z	SUB11601558	AGL2292	Severe acute respiratory syndrome coronavirus 2
SAMN29453420	341_d1	BioProject: 1, SRA: 1	Released	2022-10-25	2022-07-01T11:38:08.213Z	2022-10-25T09:19:17.756Z	SUB11601558	AGL2271	Severe acute respiratory syndrome coronavirus 2
SAMN29453413	338_d5	BioProject: 1, SRA: 1	Released	2022-10-25	2022-07-01T11:38:08.146Z	2022-10-25T09:19:17.730Z	SUB11601558	AGL2272	Severe acute respiratory syndrome coronavirus 2
SAMN29453412	338_d3	BioProject: 1, SRA: 1	Released	2022-10-25	2022-07-01T11:38:08.136Z	2022-10-25T09:19:17.703Z	SUB11601558	AGL2302	Severe acute respiratory syndrome coronavirus 2
SAMN29453411	338_d1	BioProject: 1, SRA: 1	Released	2022-10-25	2022-07-01T11:38:08.126Z	2022-10-25T09:19:17.680Z	SUB11601558	AGL2285	Severe acute respiratory syndrome coronavirus 2
SAMN29453409	337_d3	BioProject: 1, SRA: 1	Released	2022-10-25	2022-07-01T11:38:08.110Z	2022-10-25T09:19:17.653Z	SUB11601558	AGL2085	Severe acute respiratory syndrome coronavirus 2
SAMN29453406	336_d3	BioProject: 1, SRA: 1	Released	2022-10-25	2022-07-01T11:38:08.080Z	2022-10-25T09:19:17.630Z	SUB11601558	AGL2293	Severe acute respiratory syndrome coronavirus 2
SAMN29453405	336_d1	BioProject: 1, SRA: 1	Released	2022-10-25	2022-07-01T11:38:08.070Z	2022-10-25T09:19:17.610Z	SUB11601558	AGL2267	Severe acute respiratory syndrome coronavirus 2
SAMN29453404	335_d5	BioProject: 1, SRA: 1	Released	2022-10-25	2022-07-01T11:38:08.060Z	2022-10-25T09:19:17.583Z	SUB11601558	AGL2532	Severe acute respiratory syndrome coronavirus 2
SAMN29453403	335_d3	BioProject: 1, SRA: 1	Released	2022-10-25	2022-07-01T11:38:08.050Z	2022-10-25T09:19:17.550Z	SUB11601558	AGL2530	Severe acute respiratory syndrome coronavirus 2
SAMN29453401	334_d5	BioProject: 1, SRA: 1	Released	2022-10-25	2022-07-01T11:38:08.033Z	2022-10-25T09:19:17.146Z	SUB11601558	AGL2573	Severe acute respiratory syndrome coronavirus 2
SAMN29453400	334_d3	BioProject: 1, SRA: 1	Released	2022-10-25	2022-07-01T11:38:08.023Z	2022-10-25T09:19:17.106Z	SUB11601558	AGL2533	Severe acute respiratory syndrome coronavirus 2
SAMN29453399	334_d1	BioProject: 1, SRA: 1	Released	2022-10-25	2022-07-01T11:38:08.013Z	2022-10-25T09:19:17.080Z	SUB11601558	AGL2552	Severe acute respiratory syndrome coronavirus 2
SAMN29453398	333_d5	BioProject: 1, SRA: 1	Released	2022-10-25	2022-07-01T11:38:08.003Z	2022-10-25T09:19:17.053Z	SUB11601558	AGL2600	Severe acute respiratory syndrome coronavirus 2
SAMN29453390	331_d1	BioProject: 1, SRA: 1	Released	2022-10-25	2022-07-01T11:38:07.923Z	2022-10-25T09:19:17.030Z	SUB11601558	AGL2525	Severe acute respiratory syndrome coronavirus 2
SAMN29453387	330_d1	BioProject: 1, SRA: 1	Released	2022-10-25	2022-07-01T11:38:07.896Z	2022-10-25T09:19:17Z	SUB11601558	AGL2416	Severe acute respiratory syndrome coronavirus 2
SAMN29453383	328_d5	BioProject: 1, SRA: 1	Released	2022-10-25	2022-07-01T11:38:07.860Z	2022-10-25T09:19:16.976Z	SUB11601558	AGL2441	Severe acute respiratory syndrome coronavirus 2
SAMN29453379	327_d3	BioProject: 1, SRA: 1	Released	2022-10-25	2022-07-01T11:38:07.826Z	2022-10-25T09:19:16.940Z	SUB11601558	AGL2405	Severe acute respiratory syndrome coronavirus 2
SAMN29453375	326_d1	BioProject: 1, SRA: 1	Released	2022-10-25	2022-07-01T11:38:07.790Z	2022-10-25T09:19:16.916Z	SUB11601558	AGL2400	Severe acute respiratory syndrome coronavirus 2
SAMN29453374	325_d5	BioProject: 1, SRA: 1	Released	2022-10-25	2022-07-01T11:38:07.783Z	2022-10-25T09:19:16.893Z	SUB11601558	AGL2431	Severe acute respiratory syndrome coronavirus 2
SAMN29453369	324_d1	BioProject: 1, SRA: 1	Released	2022-10-25	2022-07-01T11:38:07.736Z	2022-10-25T09:19:16.856Z	SUB11601558	AGL2423	Severe acute respiratory syndrome coronavirus 2
SAMN29453367	323_d3	BioProject: 1, SRA: 1	Released	2022-10-25	2022-07-01T11:38:07.720Z	2022-10-25T09:19:16.833Z	SUB11601558	AGL3099	Severe acute respiratory syndrome coronavirus 2
SAMN29453366	323_d1	BioProject: 1, SRA: 1	Released	2022-10-25	2022-07-01T11:38:07.710Z	2022-10-25T09:19:16.806Z	SUB11601558	AGL3082	Severe acute respiratory syndrome coronavirus 2
SAMN29453364	322_d3	BioProject: 1, SRA: 1	Released	2022-10-25	2022-07-01T11:38:07.693Z	2022-10-25T09:19:16.780Z	SUB11601558	AGL2696	Severe acute respiratory syndrome coronavirus 2
SAMN29453363	322_d1	BioProject: 1, SRA: 1	Released	2022-10-25	2022-07-01T11:38:07.683Z	2022-10-25T09:19:16.753Z	SUB11601558	AGL2776	Severe acute respiratory syndrome coronavirus 2
SAMN29453361	321_d3	BioProject: 1, SRA: 1	Released	2022-10-25	2022-07-01T11:38:07.663Z	2022-10-25T09:19:16.730Z	SUB11601558	AGL2145	Severe acute respiratory syndrome coronavirus 2
SAMN29453358	320_d3	BioProject: 1, SRA: 1	Released	2022-10-25	2022-07-01T11:38:07.640Z	2022-10-25T09:19:16.706Z	SUB11601558	AGL2144	Severe acute respiratory syndrome coronavirus 2
SAMN29453357	320_d1	BioProject: 1, SRA: 1	Released	2022-10-25	2022-07-01T11:38:07.630Z	2022-10-25T09:19:16.683Z	SUB11601558	AGL1906	Severe acute respiratory syndrome coronavirus 2
SAMN29453353	318_d5	BioProject: 1, SRA: 1	Released	2022-10-25	2022-07-01T11:38:07.593Z	2022-10-25T09:19:16.660Z	SUB11601558	AGL1976	Severe acute respiratory syndrome coronavirus 2
SAMN29453351	318_d1	BioProject: 1, SRA: 1	Released	2022-10-25	2022-07-01T11:38:07.573Z	2022-10-25T09:19:16.636Z	SUB11601558	AGL1955	Severe acute respiratory syndrome coronavirus 2
SAMN29453349	317_d3	BioProject: 1, SRA: 1	Released	2022-10-25	2022-07-01T11:38:07.556Z	2022-10-25T09:19:16.590Z	SUB11601558	AGL2402	Severe acute respiratory syndrome coronavirus 2
SAMN29453347	316_d5	BioProject: 1, SRA: 1	Released	2022-10-25	2022-07-01T11:38:07.540Z	2022-10-25T09:19:16.570Z	SUB11601558	AGL2436	Severe acute respiratory syndrome coronavirus 2
SAMN29453345	316_d1	BioProject: 1, SRA: 1	Released	2022-10-25	2022-07-01T11:38:07.520Z	2022-10-25T09:19:16.546Z	SUB11601558	AGL1957	Severe acute respiratory syndrome coronavirus 2
SAMN29453344	315_d5	BioProject: 1, SRA: 1	Released	2022-10-25	2022-07-01T11:38:07.510Z	2022-10-25T09:19:16.520Z	SUB11601558	AGL2107	Severe acute respiratory syndrome coronavirus 2
SAMN29453339	314_d1	BioProject: 1, SRA: 1	Released	2022-10-25	2022-07-01T11:38:07.463Z	2022-10-25T09:19:16.493Z	SUB11601558	AGL1921	Severe acute respiratory syndrome coronavirus 2
SAMN29453335	312_d5	BioProject: 1, SRA: 1	Released	2022-10-25	2022-07-01T11:38:07.426Z	2022-10-25T09:19:16.470Z	SUB11601558	AGL2118	Severe acute respiratory syndrome coronavirus 2
SAMN29453334	312_d3	BioProject: 1, SRA: 1	Released	2022-10-25	2022-07-01T11:38:07.416Z	2022-10-25T09:19:16.443Z	SUB11601558	AGL1907	Severe acute respiratory syndrome coronavirus 2
SAMN29453331	311_d3	BioProject: 1, SRA: 1	Released	2022-10-25	2022-07-01T11:38:07.390Z	2022-10-25T09:19:16.413Z	SUB11601558	AGL1918	Severe acute respiratory syndrome coronavirus 2
SAMN29453330	311_d1	BioProject: 1, SRA: 1	Released	2022-10-25	2022-07-01T11:38:07.380Z	2022-10-25T09:19:16.373Z	SUB11601558	AGL2264	Severe acute respiratory syndrome coronavirus 2
SAMN29453329	310_d5	BioProject: 1, SRA: 1	Released	2022-10-25	2022-07-01T11:38:07.370Z	2022-10-25T09:19:16.296Z	SUB11601558	AGL2096	Severe acute respiratory syndrome coronavirus 2
SAMN29453328	310_d3	BioProject: 1, SRA: 1	Released	2022-10-25	2022-07-01T11:38:07.360Z	2022-10-25T09:19:16.280Z	SUB11601558	AGL2067	Severe acute respiratory syndrome coronavirus 2
SAMN29453326	309_d5	BioProject: 1, SRA: 1	Released	2022-10-25	2022-07-01T11:38:07.343Z	2022-10-25T09:19:16.260Z	SUB11601558	AGL2105	Severe acute respiratory syndrome coronavirus 2
SAMN29453325	309_d3	BioProject: 1, SRA: 1	Released	2022-10-25	2022-07-01T11:38:07.333Z	2022-10-25T09:19:16.226Z	SUB11601558	AGL2041	Severe acute respiratory syndrome coronavirus 2
SAMN29453323	308_d5	BioProject: 1, SRA: 1	Released	2022-10-25	2022-07-01T11:38:07.310Z	2022-10-25T09:19:16.210Z	SUB11601558	AGL1949	Severe acute respiratory syndrome coronavirus 2
SAMN29453319	307_d3	BioProject: 1, SRA: 1	Released	2022-10-25	2022-07-01T11:38:07.273Z	2022-10-25T09:19:16.193Z	SUB11601558	AGL2097	Severe acute respiratory syndrome coronavirus 2
SAMN29453315	306_d1	BioProject: 1, SRA: 1	Released	2022-10-25	2022-07-01T11:38:07.210Z	2022-10-25T09:19:16.176Z	SUB11601558	AGL1915	Severe acute respiratory syndrome coronavirus 2
SAMN29453314	305_d5	BioProject: 1, SRA: 1	Released	2022-10-25	2022-07-01T11:38:07.200Z	2022-10-25T09:19:16.160Z	SUB11601558	AGL2068	Severe acute respiratory syndrome coronavirus 2
SAMN29453310	304_d3	BioProject: 1, SRA: 1	Released	2022-10-25	2022-07-01T11:38:07.163Z	2022-10-25T09:19:16.146Z	SUB11601558	AGL1885	Severe acute respiratory syndrome coronavirus 2
SAMN29453304	302_d3	BioProject: 1, SRA: 1	Released	2022-10-25	2022-07-01T11:38:07.110Z	2022-10-25T09:19:16.130Z	SUB11601558	AGL1695	Severe acute respiratory syndrome coronavirus 2
SAMN29453303	302_d1	BioProject: 1, SRA: 1	Released	2022-10-25	2022-07-01T11:38:07.100Z	2022-10-25T09:19:16.113Z	SUB11601558	AGL1851	Severe acute respiratory syndrome coronavirus 2
SAMN29453300	301_d1	BioProject: 1, SRA: 1	Released	2022-10-25	2022-07-01T11:38:07.070Z	2022-10-25T09:19:16.096Z	SUB11601558	AGL1498	Severe acute respiratory syndrome coronavirus 2
SAMN29453298	300_d3	BioProject: 1, SRA: 1	Released	2022-10-25	2022-07-01T11:38:07.050Z	2022-10-25T09:19:16.080Z	SUB11601558	AGL1920	Severe acute respiratory syndrome coronavirus 2
SAMN29453293	298_d5	BioProject: 1, SRA: 1	Released	2022-10-25	2022-07-01T11:38:07.006Z	2022-10-25T09:19:16.063Z	SUB11601558	AGL1948	Severe acute respiratory syndrome coronavirus 2
SAMN29453286	296_d3	BioProject: 1, SRA: 1	Released	2022-10-25	2022-07-01T11:38:06.943Z	2022-10-25T09:19:16.046Z	SUB11601558	AGL1744	Severe acute respiratory syndrome coronavirus 2
SAMN29453285	296_d1	BioProject: 1, SRA: 1	Released	2022-10-25	2022-07-01T11:38:06.933Z	2022-10-25T09:19:16.030Z	SUB11601558	AGL1734	Severe acute respiratory syndrome coronavirus 2
SAMN29453283	295_d3	BioProject: 1, SRA: 1	Released	2022-10-25	2022-07-01T11:38:06.916Z	2022-10-25T09:19:16.013Z	SUB11601558	AGL1537	Severe acute respiratory syndrome coronavirus 2
SAMN29453281	294_d5	BioProject: 1, SRA: 1	Released	2022-10-25	2022-07-01T11:38:06.896Z	2022-10-25T09:19:16Z	SUB11601558	AGL1698	Severe acute respiratory syndrome coronavirus 2
SAMN29453278	293_d5	BioProject: 1, SRA: 1	Released	2022-10-25	2022-07-01T11:38:06.870Z	2022-10-25T09:19:15.983Z	SUB11601558	AGL1634	Severe acute respiratory syndrome coronavirus 2
SAMN29453276	293_d1	BioProject: 1, SRA: 1	Released	2022-10-25	2022-07-01T11:38:06.850Z	2022-10-25T09:19:15.966Z	SUB11601558	AGL1736	Severe acute respiratory syndrome coronavirus 2
SAMN29453271	291_d3	BioProject: 1, SRA: 1	Released	2022-10-25	2022-07-01T11:38:06.796Z	2022-10-25T09:19:15.950Z	SUB11601558	AGL1722	Severe acute respiratory syndrome coronavirus 2
SAMN29453270	291_d1	BioProject: 1, SRA: 1	Released	2022-10-25	2022-07-01T11:38:06.736Z	2022-10-25T09:19:15.500Z	SUB11601558	AGL1737	Severe acute respiratory syndrome coronavirus 2
SAMN29453268	290_d3	BioProject: 1, SRA: 1	Released	2022-10-25	2022-07-01T11:38:06.720Z	2022-10-25T09:19:15.480Z	SUB11601558	AGL1706	Severe acute respiratory syndrome coronavirus 2
SAMN29453264	288_d5	BioProject: 1, SRA: 1	Released	2022-10-25	2022-07-01T11:38:06.680Z	2022-10-25T09:19:15.466Z	SUB11601558	AGL1619	Severe acute respiratory syndrome coronavirus 2
SAMN29453263	288_d3	BioProject: 1, SRA: 1	Released	2022-10-25	2022-07-01T11:38:06.670Z	2022-10-25T09:19:15.450Z	SUB11601558	AGL1618	Severe acute respiratory syndrome coronavirus 2
SAMN29453262	288_d1	BioProject: 1, SRA: 1	Released	2022-10-25	2022-07-01T11:38:06.660Z	2022-10-25T09:19:15.433Z	SUB11601558	AGL1646	Severe acute respiratory syndrome coronavirus 2
SAMN29453261	287_d5	BioProject: 1, SRA: 1	Released	2022-10-25	2022-07-01T11:38:06.653Z	2022-10-25T09:19:15.410Z	SUB11601558	AGL1556	Severe acute respiratory syndrome coronavirus 2
SAMN29453258	286_d5	BioProject: 1, SRA: 1	Released	2022-10-25	2022-07-01T11:38:06.626Z	2022-10-25T09:19:15.380Z	SUB11601558	AGL1542	Severe acute respiratory syndrome coronavirus 2
SAMN29453253	285_d1	BioProject: 1, SRA: 1	Released	2022-10-25	2022-07-01T11:38:06.563Z	2022-10-25T09:19:15.360Z	SUB11601558	AGL1486	Severe acute respiratory syndrome coronavirus 2
SAMN29453537	380_d3	BioProject: 1, SRA: 1	Released	2022-10-25	2022-07-01T11:38:09.300Z	2022-10-25T09:19:15.290Z	SUB11601558	AGL1991	Severe acute respiratory syndrome coronavirus 2
SAMN29453535	379_d5	BioProject: 1, SRA: 1	Released	2022-10-25	2022-07-01T11:38:09.283Z	2022-10-25T09:19:15.270Z	SUB11601558	AGL2783	Severe acute respiratory syndrome coronavirus 2
SAMN29453534	379_d3	BioProject: 1, SRA: 1	Released	2022-10-25	2022-07-01T11:38:09.273Z	2022-10-25T09:19:15.253Z	SUB11601558	AGL2960	Severe acute respiratory syndrome coronavirus 2
SAMN29453532	378_d5	BioProject: 1, SRA: 1	Released	2022-10-25	2022-07-01T11:38:09.256Z	2022-10-25T09:19:15.240Z	SUB11601558	AGL2983	Severe acute respiratory syndrome coronavirus 2
SAMN29453531	378_d3	BioProject: 1, SRA: 1	Released	2022-10-25	2022-07-01T11:38:09.246Z	2022-10-25T09:19:15.220Z	SUB11601558	AGL2988	Severe acute respiratory syndrome coronavirus 2
SAMN29453530	378_d1	BioProject: 1, SRA: 1	Released	2022-10-25	2022-07-01T11:38:09.236Z	2022-10-25T09:19:15.206Z	SUB11601558	AGL2996	Severe acute respiratory syndrome coronavirus 2
SAMN29453529	377_d5	BioProject: 1, SRA: 1	Released	2022-10-25	2022-07-01T11:38:09.230Z	2022-10-25T09:19:15.190Z	SUB11601558	AGL3023	Severe acute respiratory syndrome coronavirus 2
SAMN29453526	376_d5	BioProject: 1, SRA: 1	Released	2022-10-25	2022-07-01T11:38:09.200Z	2022-10-25T09:19:15.170Z	SUB11601558	AGL2986	Severe acute respiratory syndrome coronavirus 2
SAMN29453525	376_d3	BioProject: 1, SRA: 1	Released	2022-10-25	2022-07-01T11:38:09.193Z	2022-10-25T09:19:15.143Z	SUB11601558	AGL2932	Severe acute respiratory syndrome coronavirus 2
SAMN29453520	374_d5	BioProject: 1, SRA: 1	Released	2022-10-25	2022-07-01T11:38:09.140Z	2022-10-25T09:19:15.130Z	SUB11601558	AGL2857	Severe acute respiratory syndrome coronavirus 2
SAMN29453519	374_d3	BioProject: 1, SRA: 1	Released	2022-10-25	2022-07-01T11:38:09.130Z	2022-10-25T09:19:15.113Z	SUB11601558	AGL2739	Severe acute respiratory syndrome coronavirus 2
SAMN29453515	373_d1	BioProject: 1, SRA: 1	Released	2022-10-25	2022-07-01T11:38:09.093Z	2022-10-25T09:19:15.096Z	SUB11601558	AGL3200	Severe acute respiratory syndrome coronavirus 2
SAMN29453514	372_d5	BioProject: 1, SRA: 1	Released	2022-10-25	2022-07-01T11:38:09.086Z	2022-10-25T09:19:15.080Z	SUB11601558	AGL2744	Severe acute respiratory syndrome coronavirus 2
SAMN29453511	371_d5	BioProject: 1, SRA: 1	Released	2022-10-25	2022-07-01T11:38:09.060Z	2022-10-25T09:19:15.063Z	SUB11601558	AGL2703	Severe acute respiratory syndrome coronavirus 2
SAMN29453509	371_d1	BioProject: 1, SRA: 1	Released	2022-10-25	2022-07-01T11:38:09.040Z	2022-10-25T09:19:15.040Z	SUB11601558	AGL2699	Severe acute respiratory syndrome coronavirus 2
SAMN29453508	370_d5	BioProject: 1, SRA: 1	Released	2022-10-25	2022-07-01T11:38:09.033Z	2022-10-25T09:19:15.023Z	SUB11601558	AGL2847	Severe acute respiratory syndrome coronavirus 2
SAMN29453505	369_d5	BioProject: 1, SRA: 1	Released	2022-10-25	2022-07-01T11:38:09.006Z	2022-10-25T09:19:15.006Z	SUB11601558	AGL2698	Severe acute respiratory syndrome coronavirus 2
SAMN29453503	369_d1	BioProject: 1, SRA: 1	Released	2022-10-25	2022-07-01T11:38:08.986Z	2022-10-25T09:19:14.990Z	SUB11601558	AGL2706	Severe acute respiratory syndrome coronavirus 2
SAMN29453252	284_d5	BioProject: 1, SRA: 1	Released	2022-10-25	2022-07-01T11:38:06.553Z	2022-10-25T09:19:14.973Z	SUB11601558	AGL1551	Severe acute respiratory syndrome coronavirus 2
SAMN29453251	284_d3	BioProject: 1, SRA: 1	Released	2022-10-25	2022-07-01T11:38:06.546Z	2022-10-25T09:19:14.956Z	SUB11601558	AGL1544	Severe acute respiratory syndrome coronavirus 2
SAMN29453202	268_d1	BioProject: 1, SRA: 1	Released	2022-10-25	2022-07-01T11:38:06.110Z	2022-10-25T09:19:14.940Z	SUB11601558	AGL1394	Severe acute respiratory syndrome coronavirus 2
SAMN29453201	267_d5	BioProject: 1, SRA: 1	Released	2022-10-25	2022-07-01T11:38:06.100Z	2022-10-25T09:19:14.926Z	SUB11601558	AGL1408	Severe acute respiratory syndrome coronavirus 2
SAMN29453200	267_d3	BioProject: 1, SRA: 1	Released	2022-10-25	2022-07-01T11:38:06.090Z	2022-10-25T09:19:14.910Z	SUB11601558	AGL1351	Severe acute respiratory syndrome coronavirus 2
SAMN29453197	266_d3	BioProject: 1, SRA: 1	Released	2022-10-25	2022-07-01T11:38:06.066Z	2022-10-25T09:19:14.896Z	SUB11601558	AGL1435	Severe acute respiratory syndrome coronavirus 2
SAMN29453196	266_d1	BioProject: 1, SRA: 1	Released	2022-10-25	2022-07-01T11:38:06.056Z	2022-10-25T09:19:14.880Z	SUB11601558	AGL1427	Severe acute respiratory syndrome coronavirus 2
SAMN29453195	265_d5	BioProject: 1, SRA: 1	Released	2022-10-25	2022-07-01T11:38:06.050Z	2022-10-25T09:19:14.863Z	SUB11601558	AGL1414	Severe acute respiratory syndrome coronavirus 2
SAMN29453193	265_d1	BioProject: 1, SRA: 1	Released	2022-10-25	2022-07-01T11:38:06.033Z	2022-10-25T09:19:14.843Z	SUB11601558	AGL1422	Severe acute respiratory syndrome coronavirus 2
SAMN29453192	264_d5	BioProject: 1, SRA: 1	Released	2022-10-25	2022-07-01T11:38:06.023Z	2022-10-25T09:19:14.826Z	SUB11601558	AGL1425	Severe acute respiratory syndrome coronavirus 2
SAMN29453191	264_d3	BioProject: 1, SRA: 1	Released	2022-10-25	2022-07-01T11:38:06.016Z	2022-10-25T09:19:14.810Z	SUB11601558	AGL1399	Severe acute respiratory syndrome coronavirus 2
SAMN29453190	264_d1	BioProject: 1, SRA: 1	Released	2022-10-25	2022-07-01T11:38:06.006Z	2022-10-25T09:19:14.793Z	SUB11601558	AGL1421	Severe acute respiratory syndrome coronavirus 2
SAMN29453188	263_d3	BioProject: 1, SRA: 1	Released	2022-10-25	2022-07-01T11:38:05.990Z	2022-10-25T09:19:14.780Z	SUB11601558	AGL1432	Severe acute respiratory syndrome coronavirus 2
SAMN29453186	262_d5	BioProject: 1, SRA: 1	Released	2022-10-25	2022-07-01T11:38:05.970Z	2022-10-25T09:19:14.763Z	SUB11601558	AGL1403	Severe acute respiratory syndrome coronavirus 2
SAMN29453183	261_d3	BioProject: 1, SRA: 1	Released	2022-10-25	2022-07-01T11:38:05.946Z	2022-10-25T09:19:14.746Z	SUB11601558	AGL1160	Severe acute respiratory syndrome coronavirus 2
SAMN29453178	259_d5	BioProject: 1, SRA: 1	Released	2022-10-25	2022-07-01T11:38:05.903Z	2022-10-25T09:19:14.730Z	SUB11601558	AGL1220	Severe acute respiratory syndrome coronavirus 2
SAMN29453173	258_d1	BioProject: 1, SRA: 1	Released	2022-10-25	2022-07-01T11:38:05.860Z	2022-10-25T09:19:14.716Z	SUB11601558	AGL1034	Severe acute respiratory syndrome coronavirus 2
SAMN29453172	257_d5	BioProject: 1, SRA: 1	Released	2022-10-25	2022-07-01T11:38:05.850Z	2022-10-25T09:19:14.700Z	SUB11601558	AGL1199	Severe acute respiratory syndrome coronavirus 2
SAMN29453170	257_d1	BioProject: 1, SRA: 1	Released	2022-10-25	2022-07-01T11:38:05.833Z	2022-10-25T09:19:14.683Z	SUB11601558	AGL1106	Severe acute respiratory syndrome coronavirus 2
SAMN29453167	256_d1	BioProject: 1, SRA: 1	Released	2022-10-25	2022-07-01T11:38:05.806Z	2022-10-25T09:19:14.666Z	SUB11601558	AGL0971	Severe acute respiratory syndrome coronavirus 2
SAMN29453166	255_d5	BioProject: 1, SRA: 1	Released	2022-10-25	2022-07-01T11:38:05.796Z	2022-10-25T09:19:14.643Z	SUB11601558	AGL1137	Severe acute respiratory syndrome coronavirus 2
SAMN29453164	255_d1	BioProject: 1, SRA: 1	Released	2022-10-25	2022-07-01T11:38:05.780Z	2022-10-25T09:19:14.626Z	SUB11601558	AGL1129	Severe acute respiratory syndrome coronavirus 2
SAMN29453161	254_d1	BioProject: 1, SRA: 1	Released	2022-10-25	2022-07-01T11:38:05.753Z	2022-10-25T09:19:14.610Z	SUB11601558	AGL1078	Severe acute respiratory syndrome coronavirus 2
SAMN29453159	253_d3	BioProject: 1, SRA: 1	Released	2022-10-25	2022-07-01T11:38:05.736Z	2022-10-25T09:19:14.593Z	SUB11601558	AGL1232	Severe acute respiratory syndrome coronavirus 2
SAMN29453157	252_d5	BioProject: 1, SRA: 1	Released	2022-10-25	2022-07-01T11:38:05.720Z	2022-10-25T09:19:14.180Z	SUB11601558	AGL1176	Severe acute respiratory syndrome coronavirus 2
SAMN29453156	252_d3	BioProject: 1, SRA: 1	Released	2022-10-25	2022-07-01T11:38:05.710Z	2022-10-25T09:19:14.163Z	SUB11601558	AGL1198	Severe acute respiratory syndrome coronavirus 2
SAMN29453155	252_d1	BioProject: 1, SRA: 1	Released	2022-10-25	2022-07-01T11:38:05.703Z	2022-10-25T09:19:14.136Z	SUB11601558	AGL1036	Severe acute respiratory syndrome coronavirus 2
SAMN29453154	251_d5	BioProject: 1, SRA: 1	Released	2022-10-25	2022-07-01T11:38:05.693Z	2022-10-25T09:19:14.096Z	SUB11601558	AGL1222	Severe acute respiratory syndrome coronavirus 2
SAMN29453153	251_d3	BioProject: 1, SRA: 1	Released	2022-10-25	2022-07-01T11:38:05.686Z	2022-10-25T09:19:14.060Z	SUB11601558	AGL1195	Severe acute respiratory syndrome coronavirus 2
SAMN29453151	250_d5	BioProject: 1, SRA: 1	Released	2022-10-25	2022-07-01T11:38:05.663Z	2022-10-25T09:19:14.043Z	SUB11601558	AGL1229	Severe acute respiratory syndrome coronavirus 2
SAMN29453150	250_d3	BioProject: 1, SRA: 1	Released	2022-10-25	2022-07-01T11:38:05.656Z	2022-10-25T09:19:14.030Z	SUB11601558	AGL1104	Severe acute respiratory syndrome coronavirus 2
SAMN29453149	250_d1	BioProject: 1, SRA: 1	Released	2022-10-25	2022-07-01T11:38:05.646Z	2022-10-25T09:19:14.013Z	SUB11601558	AGL1031	Severe acute respiratory syndrome coronavirus 2
SAMN29453148	249_d5	BioProject: 1, SRA: 1	Released	2022-10-25	2022-07-01T11:38:05.636Z	2022-10-25T09:19:13.990Z	SUB11601558	AGL1215	Severe acute respiratory syndrome coronavirus 2
SAMN29453144	248_d3	BioProject: 1, SRA: 1	Released	2022-10-25	2022-07-01T11:38:05.566Z	2022-10-25T09:19:13.970Z	SUB11601558	AGL1084	Severe acute respiratory syndrome coronavirus 2
SAMN29453141	247_d3	BioProject: 1, SRA: 1	Released	2022-10-25	2022-07-01T11:38:05.540Z	2022-10-25T09:19:13.950Z	SUB11601558	AGL1000	Severe acute respiratory syndrome coronavirus 2
SAMN29453139	246_d5	BioProject: 1, SRA: 1	Released	2022-10-25	2022-07-01T11:38:05.520Z	2022-10-25T09:19:13.926Z	SUB11601558	AGL1175	Severe acute respiratory syndrome coronavirus 2
SAMN29453132	244_d1	BioProject: 1, SRA: 1	Released	2022-10-25	2022-07-01T11:38:05.460Z	2022-10-25T09:19:13.883Z	SUB11601558	AGL1040	Severe acute respiratory syndrome coronavirus 2
SAMN29453130	243_d3	BioProject: 1, SRA: 1	Released	2022-10-25	2022-07-01T11:38:05.440Z	2022-10-25T09:19:13.860Z	SUB11601558	AGL1081	Severe acute respiratory syndrome coronavirus 2
SAMN29453127	242_d3	BioProject: 1, SRA: 1	Released	2022-10-25	2022-07-01T11:38:05.413Z	2022-10-25T09:19:13.823Z	SUB11601558	AGL1046	Severe acute respiratory syndrome coronavirus 2
SAMN29453126	242_d1	BioProject: 1, SRA: 1	Released	2022-10-25	2022-07-01T11:38:05.403Z	2022-10-25T09:19:13.790Z	SUB11601558	AGL1017	Severe acute respiratory syndrome coronavirus 2
SAMN29453125	241_d5	BioProject: 1, SRA: 1	Released	2022-10-25	2022-07-01T11:38:05.396Z	2022-10-25T09:19:13.773Z	SUB11601558	AGL1102	Severe acute respiratory syndrome coronavirus 2
SAMN29453121	240_d3	BioProject: 1, SRA: 1	Released	2022-10-25	2022-07-01T11:38:05.360Z	2022-10-25T09:19:13.756Z	SUB11601558	AGL1052	Severe acute respiratory syndrome coronavirus 2
SAMN29453118	239_d3	BioProject: 1, SRA: 1	Released	2022-10-25	2022-07-01T11:38:05.333Z	2022-10-25T09:19:13.726Z	SUB11601558	AGL0966	Severe acute respiratory syndrome coronavirus 2
SAMN29453117	239_d1	BioProject: 1, SRA: 1	Released	2022-10-25	2022-07-01T11:38:05.323Z	2022-10-25T09:19:13.710Z	SUB11601558	AGL0534	Severe acute respiratory syndrome coronavirus 2
SAMN29453113	237_d5	BioProject: 1, SRA: 1	Released	2022-10-25	2022-07-01T11:38:05.283Z	2022-10-25T09:19:13.693Z	SUB11601558	AGL1025	Severe acute respiratory syndrome coronavirus 2
SAMN29453108	236_d1	BioProject: 1, SRA: 1	Released	2022-10-25	2022-07-01T11:38:05.236Z	2022-10-25T09:19:13.680Z	SUB11601558	AGL0748	Severe acute respiratory syndrome coronavirus 2
SAMN29453107	235_d5	BioProject: 1, SRA: 1	Released	2022-10-25	2022-07-01T11:38:05.226Z	2022-10-25T09:19:13.663Z	SUB11601558	AGL1089	Severe acute respiratory syndrome coronavirus 2
SAMN29453098	232_d5	BioProject: 1, SRA: 1	Released	2022-10-25	2022-07-01T11:38:05.143Z	2022-10-25T09:19:13.646Z	SUB11601558	AGL1002	Severe acute respiratory syndrome coronavirus 2
SAMN29453097	232_d3	BioProject: 1, SRA: 1	Released	2022-10-25	2022-07-01T11:38:05.133Z	2022-10-25T09:19:13.630Z	SUB11601558	AGL1107	Severe acute respiratory syndrome coronavirus 2
SAMN29453095	231_d5	BioProject: 1, SRA: 1	Released	2022-10-25	2022-07-01T11:38:05.116Z	2022-10-25T09:19:13.613Z	SUB11601558	AGL1032	Severe acute respiratory syndrome coronavirus 2
SAMN29453094	231_d3	BioProject: 1, SRA: 1	Released	2022-10-25	2022-07-01T11:38:05.106Z	2022-10-25T09:19:13.596Z	SUB11601558	AGL0982	Severe acute respiratory syndrome coronavirus 2
SAMN29453093	231_d1	BioProject: 1, SRA: 1	Released	2022-10-25	2022-07-01T11:38:05.096Z	2022-10-25T09:19:13.580Z	SUB11601558	AGL0999	Severe acute respiratory syndrome coronavirus 2
SAMN29453092	230_d5	BioProject: 1, SRA: 1	Released	2022-10-25	2022-07-01T11:38:05.090Z	2022-10-25T09:19:13.560Z	SUB11601558	AGL1044	Severe acute respiratory syndrome coronavirus 2
SAMN29453090	230_d1	BioProject: 1, SRA: 1	Released	2022-10-25	2022-07-01T11:38:05.070Z	2022-10-25T09:19:13.540Z	SUB11601558	AGL1022	Severe acute respiratory syndrome coronavirus 2
SAMN29453087	229_d1	BioProject: 1, SRA: 1	Released	2022-10-25	2022-07-01T11:38:05.016Z	2022-10-25T09:19:13.520Z	SUB11601558	AGL0972	Severe acute respiratory syndrome coronavirus 2
SAMN29453086	228_d5	BioProject: 1, SRA: 1	Released	2022-10-25	2022-07-01T11:38:05.006Z	2022-10-25T09:19:13.483Z	SUB11601558	AGL1123	Severe acute respiratory syndrome coronavirus 2
SAMN29453078	226_d1	BioProject: 1, SRA: 1	Released	2022-10-25	2022-07-01T11:38:04.936Z	2022-10-25T09:19:13.466Z	SUB11601558	AGL0709	Severe acute respiratory syndrome coronavirus 2
SAMN29453077	225_d5	BioProject: 1, SRA: 1	Released	2022-10-25	2022-07-01T11:38:04.926Z	2022-10-25T09:19:13.450Z	SUB11601558	AGL1110	Severe acute respiratory syndrome coronavirus 2
SAMN29453075	225_d1	BioProject: 1, SRA: 1	Released	2022-10-25	2022-07-01T11:38:04.910Z	2022-10-25T09:19:13.433Z	SUB11601558	AGL1008	Severe acute respiratory syndrome coronavirus 2
SAMN29453074	224_d5	BioProject: 1, SRA: 1	Released	2022-10-25	2022-07-01T11:38:04.900Z	2022-10-25T09:19:13.416Z	SUB11601558	AGL1105	Severe acute respiratory syndrome coronavirus 2
SAMN29453073	224_d3	BioProject: 1, SRA: 1	Released	2022-10-25	2022-07-01T11:38:04.890Z	2022-10-25T09:19:13.400Z	SUB11601558	AGL0981	Severe acute respiratory syndrome coronavirus 2
SAMN29453072	224_d1	BioProject: 1, SRA: 1	Released	2022-10-25	2022-07-01T11:38:04.883Z	2022-10-25T09:19:13.380Z	SUB11601558	AGL1020	Severe acute respiratory syndrome coronavirus 2
SAMN29453068	222_d5	BioProject: 1, SRA: 1	Released	2022-10-25	2022-07-01T11:38:04.846Z	2022-10-25T09:19:13.363Z	SUB11601558	AGL1170	Severe acute respiratory syndrome coronavirus 2
SAMN29453067	222_d3	BioProject: 1, SRA: 1	Released	2022-10-25	2022-07-01T11:38:04.840Z	2022-10-25T09:19:13.346Z	SUB11601558	AGL1200	Severe acute respiratory syndrome coronavirus 2
SAMN29453064	221_d3	BioProject: 1, SRA: 1	Released	2022-10-25	2022-07-01T11:38:04.810Z	2022-10-25T09:19:13.330Z	SUB11601558	AGL1172	Severe acute respiratory syndrome coronavirus 2
SAMN29453063	221_d1	BioProject: 1, SRA: 1	Released	2022-10-25	2022-07-01T11:38:04.796Z	2022-10-25T09:19:13.313Z	SUB11601558	AGL1143	Severe acute respiratory syndrome coronavirus 2
SAMN29453060	220_d1	BioProject: 1, SRA: 1	Released	2022-10-25	2022-07-01T11:38:04.763Z	2022-10-25T09:19:13.296Z	SUB11601558	AGL0672	Severe acute respiratory syndrome coronavirus 2
SAMN29453051	217_d1	BioProject: 1, SRA: 1	Released	2022-10-25	2022-07-01T11:38:04.676Z	2022-10-25T09:19:13.280Z	SUB11601558	AGL0633	Severe acute respiratory syndrome coronavirus 2
SAMN29453050	216_d5	BioProject: 1, SRA: 1	Released	2022-10-25	2022-07-01T11:38:04.666Z	2022-10-25T09:19:13.263Z	SUB11601558	AGL0438	Severe acute respiratory syndrome coronavirus 2
SAMN29453049	216_d3	BioProject: 1, SRA: 1	Released	2022-10-25	2022-07-01T11:38:04.660Z	2022-10-25T09:19:13.250Z	SUB11601558	AGL0730	Severe acute respiratory syndrome coronavirus 2
SAMN29453047	215_d5	BioProject: 1, SRA: 1	Released	2022-10-25	2022-07-01T11:38:04.640Z	2022-10-25T09:19:13.233Z	SUB11601558	AGL0712	Severe acute respiratory syndrome coronavirus 2
SAMN29453045	215_d1	BioProject: 1, SRA: 1	Released	2022-10-25	2022-07-01T11:38:04.623Z	2022-10-25T09:19:13.216Z	SUB11601558	AGL0616	Severe acute respiratory syndrome coronavirus 2
SAMN29453044	214_d5	BioProject: 1, SRA: 1	Released	2022-10-25	2022-07-01T11:38:04.613Z	2022-10-25T09:19:13.200Z	SUB11601558	AGL0674	Severe acute respiratory syndrome coronavirus 2
SAMN29453043	214_d3	BioProject: 1, SRA: 1	Released	2022-10-25	2022-07-01T11:38:04.606Z	2022-10-25T09:19:13.180Z	SUB11601558	AGL0536	Severe acute respiratory syndrome coronavirus 2
SAMN29453042	214_d1	BioProject: 1, SRA: 1	Released	2022-10-25	2022-07-01T11:38:04.596Z	2022-10-25T09:19:12.776Z	SUB11601558	AGL0621	Severe acute respiratory syndrome coronavirus 2
SAMN29453041	213_d5	BioProject: 1, SRA: 1	Released	2022-10-25	2022-07-01T11:38:04.590Z	2022-10-25T09:19:12.753Z	SUB11601558	AGL0639	Severe acute respiratory syndrome coronavirus 2
SAMN29453040	213_d3	BioProject: 1, SRA: 1	Released	2022-10-25	2022-07-01T11:38:04.580Z	2022-10-25T09:19:12.730Z	SUB11601558	AGL0608	Severe acute respiratory syndrome coronavirus 2
SAMN29453036	212_d1	BioProject: 1, SRA: 1	Released	2022-10-25	2022-07-01T11:38:04.543Z	2022-10-25T09:19:12.680Z	SUB11601558	AGL0532	Severe acute respiratory syndrome coronavirus 2
SAMN29453035	211_d5	BioProject: 1, SRA: 1	Released	2022-10-25	2022-07-01T11:38:04.533Z	2022-10-25T09:19:12.656Z	SUB11601558	AGL0449	Severe acute respiratory syndrome coronavirus 2
SAMN29453031	210_d3	BioProject: 1, SRA: 1	Released	2022-10-25	2022-07-01T11:38:04.500Z	2022-10-25T09:19:12.633Z	SUB11601558	AGL0634	Severe acute respiratory syndrome coronavirus 2
SAMN29453028	209_d3	BioProject: 1, SRA: 1	Released	2022-10-25	2022-07-01T11:38:04.470Z	2022-10-25T09:19:12.610Z	SUB11601558	AGL0625	Severe acute respiratory syndrome coronavirus 2
SAMN29453027	209_d1	BioProject: 1, SRA: 1	Released	2022-10-25	2022-07-01T11:38:04.460Z	2022-10-25T09:19:12.573Z	SUB11601558	AGL0605	Severe acute respiratory syndrome coronavirus 2
SAMN29453026	208_d5	BioProject: 1, SRA: 1	Released	2022-10-25	2022-07-01T11:38:04.450Z	2022-10-25T09:19:12.553Z	SUB11601558	AGL0543	Severe acute respiratory syndrome coronavirus 2
SAMN29453020	206_d5	BioProject: 1, SRA: 1	Released	2022-10-25	2022-07-01T11:38:04.360Z	2022-10-25T09:19:12.530Z	SUB11601558	AGL0635	Severe acute respiratory syndrome coronavirus 2
SAMN29453019	206_d3	BioProject: 1, SRA: 1	Released	2022-10-25	2022-07-01T11:38:04.350Z	2022-10-25T09:19:12.500Z	SUB11601558	AGL0629	Severe acute respiratory syndrome coronavirus 2
SAMN29453015	205_d1	BioProject: 1, SRA: 1	Released	2022-10-25	2022-07-01T11:38:04.316Z	2022-10-25T09:19:12.476Z	SUB11601558	AGL0540	Severe acute respiratory syndrome coronavirus 2
SAMN29453010	203_d3	BioProject: 1, SRA: 1	Released	2022-10-25	2022-07-01T11:38:04.270Z	2022-10-25T09:19:12.460Z	SUB11601558	AGL0606	Severe acute respiratory syndrome coronavirus 2
SAMN29453009	203_d1	BioProject: 1, SRA: 1	Released	2022-10-25	2022-07-01T11:38:04.260Z	2022-10-25T09:19:12.436Z	SUB11601558	AGL0617	Severe acute respiratory syndrome coronavirus 2
SAMN29453008	202_d5	BioProject: 1, SRA: 1	Released	2022-10-25	2022-07-01T11:38:04.250Z	2022-10-25T09:19:12.420Z	SUB11601558	AGL0444	Severe acute respiratory syndrome coronavirus 2
SAMN29453007	202_d3	BioProject: 1, SRA: 1	Released	2022-10-25	2022-07-01T11:38:04.243Z	2022-10-25T09:19:12.403Z	SUB11601558	AGL0541	Severe acute respiratory syndrome coronavirus 2
SAMN29453004	201_d3	BioProject: 1, SRA: 1	Released	2022-10-25	2022-07-01T11:38:04.216Z	2022-10-25T09:19:12.386Z	SUB11601558	AGL0547	Severe acute respiratory syndrome coronavirus 2
SAMN29453248	283_d3	BioProject: 1, SRA: 1	Released	2022-10-25	2022-07-01T11:38:06.520Z	2022-10-25T09:19:12.363Z	SUB11601558	AGL1541	Severe acute respiratory syndrome coronavirus 2
SAMN29453247	283_d1	BioProject: 1, SRA: 1	Released	2022-10-25	2022-07-01T11:38:06.510Z	2022-10-25T09:19:12.313Z	SUB11601558	AGL1553	Severe acute respiratory syndrome coronavirus 2
SAMN29453244	282_d1	BioProject: 1, SRA: 1	Released	2022-10-25	2022-07-01T11:38:06.483Z	2022-10-25T09:19:12.290Z	SUB11601558	AGL1485	Severe acute respiratory syndrome coronavirus 2
SAMN29453242	281_d3	BioProject: 1, SRA: 1	Released	2022-10-25	2022-07-01T11:38:06.466Z	2022-10-25T09:19:12.266Z	SUB11601558	AGL1562	Severe acute respiratory syndrome coronavirus 2
SAMN29453239	280_d3	BioProject: 1, SRA: 1	Released	2022-10-25	2022-07-01T11:38:06.436Z	2022-10-25T09:19:12.243Z	SUB11601558	AGL1534	Severe acute respiratory syndrome coronavirus 2
SAMN29453238	280_d1	BioProject: 1, SRA: 1	Released	2022-10-25	2022-07-01T11:38:06.430Z	2022-10-25T09:19:12.220Z	SUB11601558	AGL1538	Severe acute respiratory syndrome coronavirus 2
SAMN29453237	279_d5	BioProject: 1, SRA: 1	Released	2022-10-25	2022-07-01T11:38:06.420Z	2022-10-25T09:19:12.196Z	SUB11601558	AGL1536	Severe acute respiratory syndrome coronavirus 2
SAMN29453236	279_d3	BioProject: 1, SRA: 1	Released	2022-10-25	2022-07-01T11:38:06.410Z	2022-10-25T09:19:12.173Z	SUB11601558	AGL1549	Severe acute respiratory syndrome coronavirus 2
SAMN29453235	279_d1	BioProject: 1, SRA: 1	Released	2022-10-25	2022-07-01T11:38:06.403Z	2022-10-25T09:19:12.143Z	SUB11601558	AGL1561	Severe acute respiratory syndrome coronavirus 2
SAMN29453234	278_d5	BioProject: 1, SRA: 1	Released	2022-10-25	2022-07-01T11:38:06.393Z	2022-10-25T09:19:12.110Z	SUB11601558	AGL1558	Severe acute respiratory syndrome coronavirus 2
SAMN29453231	277_d5	BioProject: 1, SRA: 1	Released	2022-10-25	2022-07-01T11:38:06.370Z	2022-10-25T09:19:12.093Z	SUB11601558	AGL1483	Severe acute respiratory syndrome coronavirus 2
SAMN29453230	277_d3	BioProject: 1, SRA: 1	Released	2022-10-25	2022-07-01T11:38:06.360Z	2022-10-25T09:19:12.070Z	SUB11601558	AGL1412	Severe acute respiratory syndrome coronavirus 2
SAMN29453228	276_d5	BioProject: 1, SRA: 1	Released	2022-10-25	2022-07-01T11:38:06.343Z	2022-10-25T09:19:12.053Z	SUB11601558	AGL1484	Severe acute respiratory syndrome coronavirus 2
SAMN29453227	276_d3	BioProject: 1, SRA: 1	Released	2022-10-25	2022-07-01T11:38:06.333Z	2022-10-25T09:19:12.030Z	SUB11601558	AGL1507	Severe acute respiratory syndrome coronavirus 2
SAMN29453223	275_d1	BioProject: 1, SRA: 1	Released	2022-10-25	2022-07-01T11:38:06.300Z	2022-10-25T09:19:12.013Z	SUB11601558	AGL1680	Severe acute respiratory syndrome coronavirus 2
SAMN29453221	274_d3	BioProject: 1, SRA: 1	Released	2022-10-25	2022-07-01T11:38:06.280Z	2022-10-25T09:19:11.990Z	SUB11601558	AGL1667	Severe acute respiratory syndrome coronavirus 2
SAMN29453219	273_d5	BioProject: 1, SRA: 1	Released	2022-10-25	2022-07-01T11:38:06.263Z	2022-10-25T09:19:11.973Z	SUB11601558	AGL1666	Severe acute respiratory syndrome coronavirus 2
SAMN29453218	273_d3	BioProject: 1, SRA: 1	Released	2022-10-25	2022-07-01T11:38:06.253Z	2022-10-25T09:19:11.950Z	SUB11601558	AGL1637	Severe acute respiratory syndrome coronavirus 2
SAMN29453214	272_d1	BioProject: 1, SRA: 1	Released	2022-10-25	2022-07-01T11:38:06.220Z	2022-10-25T09:19:11.930Z	SUB11601558	AGL1650	Severe acute respiratory syndrome coronavirus 2
SAMN29453213	271_d5	BioProject: 1, SRA: 1	Released	2022-10-25	2022-07-01T11:38:06.210Z	2022-10-25T09:19:11.910Z	SUB11601558	AGL1685	Severe acute respiratory syndrome coronavirus 2
SAMN29453211	271_d1	BioProject: 1, SRA: 1	Released	2022-10-25	2022-07-01T11:38:06.193Z	2022-10-25T09:19:11.890Z	SUB11601558	AGL1494	Severe acute respiratory syndrome coronavirus 2
SAMN29453210	270_d5	BioProject: 1, SRA: 1	Released	2022-10-25	2022-07-01T11:38:06.183Z	2022-10-25T09:19:11.860Z	SUB11601558	AGL1428	Severe acute respiratory syndrome coronavirus 2
SAMN29453209	270_d3	BioProject: 1, SRA: 1	Released	2022-10-25	2022-07-01T11:38:06.173Z	2022-10-25T09:19:11.840Z	SUB11601558	AGL1410	Severe acute respiratory syndrome coronavirus 2
SAMN29453207	269_d5	BioProject: 1, SRA: 1	Released	2022-10-25	2022-07-01T11:38:06.156Z	2022-10-25T09:19:11.823Z	SUB11601558	AGL1660	Severe acute respiratory syndrome coronavirus 2
SAMN29453206	269_d3	BioProject: 1, SRA: 1	Released	2022-10-25	2022-07-01T11:38:06.146Z	2022-10-25T09:19:11.806Z	SUB11601558	AGL1560	Severe acute respiratory syndrome coronavirus 2
SAMN29453501	368_d3	BioProject: 1, SRA: 1	Released	2022-10-25	2022-07-01T11:38:08.970Z	2022-10-25T09:19:11.786Z	SUB11601558	AGL3207	Severe acute respiratory syndrome coronavirus 2
SAMN29453499	367_d5	BioProject: 1, SRA: 1	Released	2022-10-25	2022-07-01T11:38:08.950Z	2022-10-25T09:19:11.763Z	SUB11601558	AGL3126	Severe acute respiratory syndrome coronavirus 2
SAMN29453494	365_d5	BioProject: 1, SRA: 1	Released	2022-10-25	2022-07-01T11:38:08.906Z	2022-10-25T09:19:11.746Z	SUB11601558	AGL3234	Severe acute respiratory syndrome coronavirus 2
SAMN29453493	365_d3	BioProject: 1, SRA: 1	Released	2022-10-25	2022-07-01T11:38:08.896Z	2022-10-25T09:19:11.726Z	SUB11601558	AGL3219	Severe acute respiratory syndrome coronavirus 2
SAMN29453484	362_d3	BioProject: 1, SRA: 1	Released	2022-10-25	2022-07-01T11:38:08.806Z	2022-10-25T09:19:11.710Z	SUB11601558	AGL2813	Severe acute respiratory syndrome coronavirus 2
SAMN29453483	362_d1	BioProject: 1, SRA: 1	Released	2022-10-25	2022-07-01T11:38:08.796Z	2022-10-25T09:19:11.686Z	SUB11601558	AGL2818	Severe acute respiratory syndrome coronavirus 2
SAMN29453481	361_d3	BioProject: 1, SRA: 1	Released	2022-10-25	2022-07-01T11:38:08.776Z	2022-10-25T09:19:11.666Z	SUB11601558	AGL2751	Severe acute respiratory syndrome coronavirus 2
SAMN29453480	361_d1	BioProject: 1, SRA: 1	Released	2022-10-25	2022-07-01T11:38:08.770Z	2022-10-25T09:19:11.646Z	SUB11601558	AGL2674	Severe acute respiratory syndrome coronavirus 2
SAMN29453478	360_d3	BioProject: 1, SRA: 1	Released	2022-10-25	2022-07-01T11:38:08.750Z	2022-10-25T09:19:11.176Z	SUB11601558	AGL2865	Severe acute respiratory syndrome coronavirus 2
SAMN29453477	360_d1	BioProject: 1, SRA: 1	Released	2022-10-25	2022-07-01T11:38:08.743Z	2022-10-25T09:19:11.156Z	SUB11601558	AGL2689	Severe acute respiratory syndrome coronavirus 2
SAMN29453473	358_d5	BioProject: 1, SRA: 1	Released	2022-10-25	2022-07-01T11:38:08.706Z	2022-10-25T09:19:11.136Z	SUB11601558	AGL2864	Severe acute respiratory syndrome coronavirus 2
SAMN29453466	356_d3	BioProject: 1, SRA: 1	Released	2022-10-25	2022-07-01T11:38:08.640Z	2022-10-25T09:19:11.116Z	SUB11601558	AGL2748	Severe acute respiratory syndrome coronavirus 2
SAMN29453464	355_d5	BioProject: 1, SRA: 1	Released	2022-10-25	2022-07-01T11:38:08.623Z	2022-10-25T09:19:11.096Z	SUB11601558	AGL2704	Severe acute respiratory syndrome coronavirus 2
SAMN29453463	355_d3	BioProject: 1, SRA: 1	Released	2022-10-25	2022-07-01T11:38:08.613Z	2022-10-25T09:19:11.076Z	SUB11601558	AGL2576	Severe acute respiratory syndrome coronavirus 2
SAMN29453462	355_d1	BioProject: 1, SRA: 1	Released	2022-10-25	2022-07-01T11:38:08.606Z	2022-10-25T09:19:11.040Z	SUB11601558	AGL2563	Severe acute respiratory syndrome coronavirus 2
SAMN29453460	354_d3	BioProject: 1, SRA: 1	Released	2022-10-25	2022-07-01T11:38:08.586Z	2022-10-25T09:19:11.020Z	SUB11601558	AGL2548	Severe acute respiratory syndrome coronavirus 2
SAMN29453458	353_d5	BioProject: 1, SRA: 1	Released	2022-10-25	2022-07-01T11:38:08.566Z	2022-10-25T09:19:11.003Z	SUB11601558	AGL2569	Severe acute respiratory syndrome coronavirus 2
SAMN29453457	353_d3	BioProject: 1, SRA: 1	Released	2022-10-25	2022-07-01T11:38:08.556Z	2022-10-25T09:19:10.986Z	SUB11601558	AGL2707	Severe acute respiratory syndrome coronavirus 2
SAMN29453453	352_d1	BioProject: 1, SRA: 1	Released	2022-10-25	2022-07-01T11:38:08.516Z	2022-10-25T09:19:10.963Z	SUB11601558	AGL2622	Severe acute respiratory syndrome coronavirus 2
SAMN29453452	351_d5	BioProject: 1, SRA: 1	Released	2022-10-25	2022-07-01T11:38:08.506Z	2022-10-25T09:19:10.946Z	SUB11601558	AGL2985	Severe acute respiratory syndrome coronavirus 2
SAMN29453449	350_d5	BioProject: 1, SRA: 1	Released	2022-10-25	2022-07-01T11:38:08.480Z	2022-10-25T09:19:10.930Z	SUB11601558	AGL2984	Severe acute respiratory syndrome coronavirus 2
SAMN29453448	350_d3	BioProject: 1, SRA: 1	Released	2022-10-25	2022-07-01T11:38:08.470Z	2022-10-25T09:19:10.910Z	SUB11601558	AGL3026	Severe acute respiratory syndrome coronavirus 2
SAMN29453447	350_d1	BioProject: 1, SRA: 1	Released	2022-10-25	2022-07-01T11:38:08.463Z	2022-10-25T09:19:10.890Z	SUB11601558	AGL2925	Severe acute respiratory syndrome coronavirus 2
SAMN29453446	349_d5	BioProject: 1, SRA: 1	Released	2022-10-25	2022-07-01T11:38:08.453Z	2022-10-25T09:19:10.873Z	SUB11601558	AGL3155	Severe acute respiratory syndrome coronavirus 2
SAMN29453445	349_d3	BioProject: 1, SRA: 1	Released	2022-10-25	2022-07-01T11:38:08.443Z	2022-10-25T09:19:10.853Z	SUB11601558	AGL3222	Severe acute respiratory syndrome coronavirus 2
SAMN29453444	349_d1	BioProject: 1, SRA: 1	Released	2022-10-25	2022-07-01T11:38:08.436Z	2022-10-25T09:19:10.836Z	SUB11601558	AGL3186	Severe acute respiratory syndrome coronavirus 2
SAMN29453441	348_d1	BioProject: 1, SRA: 1	Released	2022-10-25	2022-07-01T11:38:08.410Z	2022-10-25T09:19:10.820Z	SUB11601558	AGL3081	Severe acute respiratory syndrome coronavirus 2
SAMN29453437	346_d5	BioProject: 1, SRA: 1	Released	2022-10-25	2022-07-01T11:38:08.370Z	2022-10-25T09:19:10.803Z	SUB11601558	AGL2840	Severe acute respiratory syndrome coronavirus 2
SAMN29453434	345_d5	BioProject: 1, SRA: 1	Released	2022-10-25	2022-07-01T11:38:08.340Z	2022-10-25T09:19:10.783Z	SUB11601558	AGL2845	Severe acute respiratory syndrome coronavirus 2
SAMN29453432	345_d1	BioProject: 1, SRA: 1	Released	2022-10-25	2022-07-01T11:38:08.323Z	2022-10-25T09:19:10.766Z	SUB11601558	AGL2740	Severe acute respiratory syndrome coronavirus 2
SAMN29453431	344_d5	BioProject: 1, SRA: 1	Released	2022-10-25	2022-07-01T11:38:08.313Z	2022-10-25T09:19:10.740Z	SUB11601558	AGL2618	Severe acute respiratory syndrome coronavirus 2
SAMN29453430	344_d3	BioProject: 1, SRA: 1	Released	2022-10-25	2022-07-01T11:38:08.303Z	2022-10-25T09:19:10.720Z	SUB11601558	AGL2125	Severe acute respiratory syndrome coronavirus 2
SAMN29453429	344_d1	BioProject: 1, SRA: 1	Released	2022-10-25	2022-07-01T11:38:08.296Z	2022-10-25T09:19:10.693Z	SUB11601558	AGL2122	Severe acute respiratory syndrome coronavirus 2
SAMN29453428	343_d5	BioProject: 1, SRA: 1	Released	2022-10-25	2022-07-01T11:38:08.286Z	2022-10-25T09:19:10.673Z	SUB11601558	AGL2786	Severe acute respiratory syndrome coronavirus 2
SAMN29453426	343_d1	BioProject: 1, SRA: 1	Released	2022-10-25	2022-07-01T11:38:08.266Z	2022-10-25T09:19:10.646Z	SUB11601558	AGL2679	Severe acute respiratory syndrome coronavirus 2
SAMN29453424	342_d3	BioProject: 1, SRA: 1	Released	2022-10-25	2022-07-01T11:38:08.250Z	2022-10-25T09:19:10.613Z	SUB11601558	AGL1937	Severe acute respiratory syndrome coronavirus 2
SAMN29453423	342_d1	BioProject: 1, SRA: 1	Released	2022-10-25	2022-07-01T11:38:08.240Z	2022-10-25T09:19:10.590Z	SUB11601558	AGL2135	Severe acute respiratory syndrome coronavirus 2
SAMN29453421	341_d3	BioProject: 1, SRA: 1	Released	2022-10-25	2022-07-01T11:38:08.220Z	2022-10-25T09:19:10.566Z	SUB11601558	AGL2312	Severe acute respiratory syndrome coronavirus 2
SAMN29453418	340_d3	BioProject: 1, SRA: 1	Released	2022-10-25	2022-07-01T11:38:08.193Z	2022-10-25T09:19:10.550Z	SUB11601558	AGL2101	Severe acute respiratory syndrome coronavirus 2
SAMN29453417	340_d1	BioProject: 1, SRA: 1	Released	2022-10-25	2022-07-01T11:38:08.183Z	2022-10-25T09:19:10.533Z	SUB11601558	AGL2269	Severe acute respiratory syndrome coronavirus 2
SAMN29453416	339_d5	BioProject: 1, SRA: 1	Released	2022-10-25	2022-07-01T11:38:08.176Z	2022-10-25T09:19:10.516Z	SUB11601558	AGL2278	Severe acute respiratory syndrome coronavirus 2
SAMN29453410	337_d5	BioProject: 1, SRA: 1	Released	2022-10-25	2022-07-01T11:38:08.120Z	2022-10-25T09:19:10.500Z	SUB11601558	AGL2305	Severe acute respiratory syndrome coronavirus 2
SAMN29453396	333_d1	BioProject: 1, SRA: 1	Released	2022-10-25	2022-07-01T11:38:07.983Z	2022-10-25T09:19:10.480Z	SUB11601558	AGL2544	Severe acute respiratory syndrome coronavirus 2
SAMN29453394	332_d3	BioProject: 1, SRA: 1	Released	2022-10-25	2022-07-01T11:38:07.963Z	2022-10-25T09:19:10.463Z	SUB11601558	AGL2523	Severe acute respiratory syndrome coronavirus 2
SAMN29453392	331_d5	BioProject: 1, SRA: 1	Released	2022-10-25	2022-07-01T11:38:07.943Z	2022-10-25T09:19:10.440Z	SUB11601558	AGL2556	Severe acute respiratory syndrome coronavirus 2
SAMN29453389	330_d5	BioProject: 1, SRA: 1	Released	2022-10-25	2022-07-01T11:38:07.913Z	2022-10-25T09:19:10.400Z	SUB11601558	AGL2478	Severe acute respiratory syndrome coronavirus 2
SAMN29453386	329_d5	BioProject: 1, SRA: 1	Released	2022-10-25	2022-07-01T11:38:07.886Z	2022-10-25T09:19:10.380Z	SUB11601558	AGL2419	Severe acute respiratory syndrome coronavirus 2
SAMN29453385	329_d3	BioProject: 1, SRA: 1	Released	2022-10-25	2022-07-01T11:38:07.880Z	2022-10-25T09:19:10.346Z	SUB11601558	AGL2449	Severe acute respiratory syndrome coronavirus 2
SAMN29453384	329_d1	BioProject: 1, SRA: 1	Released	2022-10-25	2022-07-01T11:38:07.870Z	2022-10-25T09:19:10.316Z	SUB11601558	AGL2428	Severe acute respiratory syndrome coronavirus 2
SAMN29453378	327_d1	BioProject: 1, SRA: 1	Released	2022-10-25	2022-07-01T11:38:07.816Z	2022-10-25T09:19:10.280Z	SUB11601558	AGL2438	Severe acute respiratory syndrome coronavirus 2
SAMN29453377	326_d5	BioProject: 1, SRA: 1	Released	2022-10-25	2022-07-01T11:38:07.810Z	2022-10-25T09:19:10.240Z	SUB11601558	AGL2450	Severe acute respiratory syndrome coronavirus 2
SAMN29453376	326_d3	BioProject: 1, SRA: 1	Released	2022-10-25	2022-07-01T11:38:07.800Z	2022-10-25T09:19:10.210Z	SUB11601558	AGL2435	Severe acute respiratory syndrome coronavirus 2
SAMN29453370	324_d3	BioProject: 1, SRA: 1	Released	2022-10-25	2022-07-01T11:38:07.746Z	2022-10-25T09:19:10.170Z	SUB11601558	AGL2425	Severe acute respiratory syndrome coronavirus 2
SAMN29453368	323_d5	BioProject: 1, SRA: 1	Released	2022-10-25	2022-07-01T11:38:07.730Z	2022-10-25T09:19:10.140Z	SUB11601558	AGL3096	Severe acute respiratory syndrome coronavirus 2
SAMN29453365	322_d5	BioProject: 1, SRA: 1	Released	2022-10-25	2022-07-01T11:38:07.700Z	2022-10-25T09:19:10.096Z	SUB11601558	AGL2778	Severe acute respiratory syndrome coronavirus 2
SAMN29453362	321_d5	BioProject: 1, SRA: 1	Released	2022-10-25	2022-07-01T11:38:07.673Z	2022-10-25T09:19:10.063Z	SUB11601558	AGL1971	Severe acute respiratory syndrome coronavirus 2
SAMN29453360	321_d1	BioProject: 1, SRA: 1	Released	2022-10-25	2022-07-01T11:38:07.656Z	2022-10-25T09:19:10.010Z	SUB11601558	AGL1909	Severe acute respiratory syndrome coronavirus 2
SAMN29453356	319_d5	BioProject: 1, SRA: 1	Released	2022-10-25	2022-07-01T11:38:07.620Z	2022-10-25T09:19:09.966Z	SUB11601558	AGL1946	Severe acute respiratory syndrome coronavirus 2
SAMN29453354	319_d1	BioProject: 1, SRA: 1	Released	2022-10-25	2022-07-01T11:38:07.603Z	2022-10-25T09:19:09.540Z	SUB11601558	AGL1940	Severe acute respiratory syndrome coronavirus 2
SAMN29453352	318_d3	BioProject: 1, SRA: 1	Released	2022-10-25	2022-07-01T11:38:07.583Z	2022-10-25T09:19:09.526Z	SUB11601558	AGL1992	Severe acute respiratory syndrome coronavirus 2
SAMN29453348	317_d1	BioProject: 1, SRA: 1	Released	2022-10-25	2022-07-01T11:38:07.546Z	2022-10-25T09:19:09.510Z	SUB11601558	AGL2253	Severe acute respiratory syndrome coronavirus 2
SAMN29453343	315_d3	BioProject: 1, SRA: 1	Released	2022-10-25	2022-07-01T11:38:07.500Z	2022-10-25T09:19:09.493Z	SUB11601558	AGL2413	Severe acute respiratory syndrome coronavirus 2
SAMN29453342	315_d1	BioProject: 1, SRA: 1	Released	2022-10-25	2022-07-01T11:38:07.490Z	2022-10-25T09:19:09.480Z	SUB11601558	AGL2084	Severe acute respiratory syndrome coronavirus 2
SAMN29453338	313_d5	BioProject: 1, SRA: 1	Released	2022-10-25	2022-07-01T11:38:07.453Z	2022-10-25T09:19:09.463Z	SUB11601558	AGL2099	Severe acute respiratory syndrome coronavirus 2
SAMN29453337	313_d3	BioProject: 1, SRA: 1	Released	2022-10-25	2022-07-01T11:38:07.443Z	2022-10-25T09:19:09.446Z	SUB11601558	AGL2110	Severe acute respiratory syndrome coronavirus 2
SAMN29453336	313_d1	BioProject: 1, SRA: 1	Released	2022-10-25	2022-07-01T11:38:07.436Z	2022-10-25T09:19:09.430Z	SUB11601558	AGL2104	Severe acute respiratory syndrome coronavirus 2
SAMN29453333	312_d1	BioProject: 1, SRA: 1	Released	2022-10-25	2022-07-01T11:38:07.406Z	2022-10-25T09:19:09.406Z	SUB11601558	AGL2064	Severe acute respiratory syndrome coronavirus 2
SAMN29453332	311_d5	BioProject: 1, SRA: 1	Released	2022-10-25	2022-07-01T11:38:07.400Z	2022-10-25T09:19:09.383Z	SUB11601558	AGL1887	Severe acute respiratory syndrome coronavirus 2
SAMN29453327	310_d1	BioProject: 1, SRA: 1	Released	2022-10-25	2022-07-01T11:38:07.350Z	2022-10-25T09:19:09.346Z	SUB11601558	AGL1895	Severe acute respiratory syndrome coronavirus 2
SAMN29453320	307_d5	BioProject: 1, SRA: 1	Released	2022-10-25	2022-07-01T11:38:07.283Z	2022-10-25T09:19:09.320Z	SUB11601558	AGL2252	Severe acute respiratory syndrome coronavirus 2
SAMN29453317	306_d5	BioProject: 1, SRA: 1	Released	2022-10-25	2022-07-01T11:38:07.240Z	2022-10-25T09:19:09.300Z	SUB11601558	AGL2080	Severe acute respiratory syndrome coronavirus 2
SAMN29453316	306_d3	BioProject: 1, SRA: 1	Released	2022-10-25	2022-07-01T11:38:07.226Z	2022-10-25T09:19:09.283Z	SUB11601558	AGL2072	Severe acute respiratory syndrome coronavirus 2
SAMN29453313	305_d3	BioProject: 1, SRA: 1	Released	2022-10-25	2022-07-01T11:38:07.190Z	2022-10-25T09:19:09.270Z	SUB11601558	AGL2050	Severe acute respiratory syndrome coronavirus 2
SAMN29453308	303_d5	BioProject: 1, SRA: 1	Released	2022-10-25	2022-07-01T11:38:07.143Z	2022-10-25T09:19:09.253Z	SUB11601558	AGL2051	Severe acute respiratory syndrome coronavirus 2
SAMN29453307	303_d3	BioProject: 1, SRA: 1	Released	2022-10-25	2022-07-01T11:38:07.136Z	2022-10-25T09:19:09.236Z	SUB11601558	AGL1959	Severe acute respiratory syndrome coronavirus 2
SAMN29453306	303_d1	BioProject: 1, SRA: 1	Released	2022-10-25	2022-07-01T11:38:07.126Z	2022-10-25T09:19:09.220Z	SUB11601558	AGL1962	Severe acute respiratory syndrome coronavirus 2
SAMN29453305	302_d5	BioProject: 1, SRA: 1	Released	2022-10-25	2022-07-01T11:38:07.120Z	2022-10-25T09:19:09.203Z	SUB11601558	AGL2095	Severe acute respiratory syndrome coronavirus 2
SAMN29453302	301_d5	BioProject: 1, SRA: 1	Released	2022-10-25	2022-07-01T11:38:07.086Z	2022-10-25T09:19:09.190Z	SUB11601558	AGL1837	Severe acute respiratory syndrome coronavirus 2
SAMN29453301	301_d3	BioProject: 1, SRA: 1	Released	2022-10-25	2022-07-01T11:38:07.080Z	2022-10-25T09:19:09.170Z	SUB11601558	AGL1652	Severe acute respiratory syndrome coronavirus 2
SAMN29453297	300_d1	BioProject: 1, SRA: 1	Released	2022-10-25	2022-07-01T11:38:07.043Z	2022-10-25T09:19:09.153Z	SUB11601558	AGL1713	Severe acute respiratory syndrome coronavirus 2
SAMN29453295	299_d3	BioProject: 1, SRA: 1	Released	2022-10-25	2022-07-01T11:38:07.023Z	2022-10-25T09:19:09.136Z	SUB11601558	AGL1884	Severe acute respiratory syndrome coronavirus 2
SAMN29453294	299_d1	BioProject: 1, SRA: 1	Released	2022-10-25	2022-07-01T11:38:07.016Z	2022-10-25T09:19:09.120Z	SUB11601558	AGL1889	Severe acute respiratory syndrome coronavirus 2
SAMN29453292	298_d3	BioProject: 1, SRA: 1	Released	2022-10-25	2022-07-01T11:38:06.996Z	2022-10-25T09:19:09.103Z	SUB11601558	AGL1832	Severe acute respiratory syndrome coronavirus 2
SAMN29453290	297_d5	BioProject: 1, SRA: 1	Released	2022-10-25	2022-07-01T11:38:06.980Z	2022-10-25T09:19:09.080Z	SUB11601558	AGL1751	Severe acute respiratory syndrome coronavirus 2
SAMN29453289	297_d3	BioProject: 1, SRA: 1	Released	2022-10-25	2022-07-01T11:38:06.970Z	2022-10-25T09:19:09.053Z	SUB11601558	AGL1535	Severe acute respiratory syndrome coronavirus 2
SAMN29453282	295_d1	BioProject: 1, SRA: 1	Released	2022-10-25	2022-07-01T11:38:06.906Z	2022-10-25T09:19:09.023Z	SUB11601558	AGL1720	Severe acute respiratory syndrome coronavirus 2
SAMN29453277	293_d3	BioProject: 1, SRA: 1	Released	2022-10-25	2022-07-01T11:38:06.860Z	2022-10-25T09:19:09.006Z	SUB11601558	AGL1627	Severe acute respiratory syndrome coronavirus 2
SAMN29453274	292_d3	BioProject: 1, SRA: 1	Released	2022-10-25	2022-07-01T11:38:06.830Z	2022-10-25T09:19:08.983Z	SUB11601558	AGL1710	Severe acute respiratory syndrome coronavirus 2
SAMN29453273	292_d1	BioProject: 1, SRA: 1	Released	2022-10-25	2022-07-01T11:38:06.820Z	2022-10-25T09:19:08.956Z	SUB11601558	AGL1709	Severe acute respiratory syndrome coronavirus 2
SAMN29453272	291_d5	BioProject: 1, SRA: 1	Released	2022-10-25	2022-07-01T11:38:06.810Z	2022-10-25T09:19:08.940Z	SUB11601558	AGL1739	Severe acute respiratory syndrome coronavirus 2
SAMN29453267	290_d1	BioProject: 1, SRA: 1	Released	2022-10-25	2022-07-01T11:38:06.710Z	2022-10-25T09:19:08.916Z	SUB11601558	AGL1717	Severe acute respiratory syndrome coronavirus 2
SAMN29453266	289_d3	BioProject: 1, SRA: 1	Released	2022-10-25	2022-07-01T11:38:06.700Z	2022-10-25T09:19:08.900Z	SUB11601558	AGL1642	Severe acute respiratory syndrome coronavirus 2
SAMN29453265	289_d1	BioProject: 1, SRA: 1	Released	2022-10-25	2022-07-01T11:38:06.690Z	2022-10-25T09:19:08.883Z	SUB11601558	AGL1629	Severe acute respiratory syndrome coronavirus 2
SAMN29453259	287_d1	BioProject: 1, SRA: 1	Released	2022-10-25	2022-07-01T11:38:06.633Z	2022-10-25T09:19:08.866Z	SUB11601558	AGL1396	Severe acute respiratory syndrome coronavirus 2
SAMN29453257	286_d3	BioProject: 1, SRA: 1	Released	2022-10-25	2022-07-01T11:38:06.616Z	2022-10-25T09:19:08.836Z	SUB11601558	AGL1545	Severe acute respiratory syndrome coronavirus 2
SAMN29453256	286_d1	BioProject: 1, SRA: 1	Released	2022-10-25	2022-07-01T11:38:06.606Z	2022-10-25T09:19:08.806Z	SUB11601558	AGL1552	Severe acute respiratory syndrome coronavirus 2
SAMN29453255	285_d5	BioProject: 1, SRA: 1	Released	2022-10-25	2022-07-01T11:38:06.596Z	2022-10-25T09:19:08.776Z	SUB11601558	AGL1557	Severe acute respiratory syndrome coronavirus 2
SAMN29453254	285_d3	BioProject: 1, SRA: 1	Released	2022-10-25	2022-07-01T11:38:06.573Z	2022-10-25T09:19:08.756Z	SUB11601558	AGL1495	Severe acute respiratory syndrome coronavirus 2
SAMN29453538	380_d5	BioProject: 1, SRA: 1	Released	2022-10-25	2022-07-01T11:38:09.310Z	2022-10-25T09:19:08.733Z	SUB11601558	AGL2607	Severe acute respiratory syndrome coronavirus 2
SAMN29453528	377_d3	BioProject: 1, SRA: 1	Released	2022-10-25	2022-07-01T11:38:09.220Z	2022-10-25T09:19:08.716Z	SUB11601558	AGL2872	Severe acute respiratory syndrome coronavirus 2
SAMN29453527	377_d1	BioProject: 1, SRA: 1	Released	2022-10-25	2022-07-01T11:38:09.210Z	2022-10-25T09:19:08.700Z	SUB11601558	AGL3000	Severe acute respiratory syndrome coronavirus 2
SAMN29453523	375_d5	BioProject: 1, SRA: 1	Released	2022-10-25	2022-07-01T11:38:09.173Z	2022-10-25T09:19:08.673Z	SUB11601558	AGL2969	Severe acute respiratory syndrome coronavirus 2
SAMN29453521	375_d1	BioProject: 1, SRA: 1	Released	2022-10-25	2022-07-01T11:38:09.150Z	2022-10-25T09:19:08.660Z	SUB11601558	AGL2935	Severe acute respiratory syndrome coronavirus 2
SAMN29453518	374_d1	BioProject: 1, SRA: 1	Released	2022-10-25	2022-07-01T11:38:09.120Z	2022-10-25T09:19:08.640Z	SUB11601558	AGL2846	Severe acute respiratory syndrome coronavirus 2
SAMN29453507	370_d3	BioProject: 1, SRA: 1	Released	2022-10-25	2022-07-01T11:38:09.023Z	2022-10-25T09:19:08.623Z	SUB11601558	AGL2844	Severe acute respiratory syndrome coronavirus 2
SAMN29453506	370_d1	BioProject: 1, SRA: 1	Released	2022-10-25	2022-07-01T11:38:09.013Z	2022-10-25T09:19:08.606Z	SUB11601558	AGL2682	Severe acute respiratory syndrome coronavirus 2
SAMN29453504	369_d3	BioProject: 1, SRA: 1	Released	2022-10-25	2022-07-01T11:38:08.996Z	2022-10-25T09:19:08.580Z	SUB11601558	AGL2736	Severe acute respiratory syndrome coronavirus 2
SAMN29453250	284_d1	BioProject: 1, SRA: 1	Released	2022-10-25	2022-07-01T11:38:06.536Z	2022-10-25T09:19:08.563Z	SUB11601558	AGL1499	Severe acute respiratory syndrome coronavirus 2
SAMN29453249	283_d5	BioProject: 1, SRA: 1	Released	2022-10-25	2022-07-01T11:38:06.530Z	2022-10-25T09:19:08.150Z	SUB11601558	AGL1640	Severe acute respiratory syndrome coronavirus 2
SAMN29453194	265_d3	BioProject: 1, SRA: 1	Released	2022-10-25	2022-07-01T11:38:06.040Z	2022-10-25T09:19:08.130Z	SUB11601558	AGL1420	Severe acute respiratory syndrome coronavirus 2
SAMN29453187	263_d1	BioProject: 1, SRA: 1	Released	2022-10-25	2022-07-01T11:38:05.980Z	2022-10-25T09:19:08.113Z	SUB11601558	AGL1395	Severe acute respiratory syndrome coronavirus 2
SAMN29453181	260_d5	BioProject: 1, SRA: 1	Released	2022-10-25	2022-07-01T11:38:05.930Z	2022-10-25T09:19:08.096Z	SUB11601558	AGL1211	Severe acute respiratory syndrome coronavirus 2
SAMN29453180	260_d3	BioProject: 1, SRA: 1	Released	2022-10-25	2022-07-01T11:38:05.920Z	2022-10-25T09:19:08.076Z	SUB11601558	AGL1168	Severe acute respiratory syndrome coronavirus 2
SAMN29453177	259_d3	BioProject: 1, SRA: 1	Released	2022-10-25	2022-07-01T11:38:05.893Z	2022-10-25T09:19:08.060Z	SUB11601558	AGL1221	Severe acute respiratory syndrome coronavirus 2
SAMN29453176	259_d1	BioProject: 1, SRA: 1	Released	2022-10-25	2022-07-01T11:38:05.886Z	2022-10-25T09:19:08.046Z	SUB11601558	AGL1086	Severe acute respiratory syndrome coronavirus 2
SAMN29453175	258_d5	BioProject: 1, SRA: 1	Released	2022-10-25	2022-07-01T11:38:05.876Z	2022-10-25T09:19:08.026Z	SUB11601558	AGL1217	Severe acute respiratory syndrome coronavirus 2
SAMN29453174	258_d3	BioProject: 1, SRA: 1	Released	2022-10-25	2022-07-01T11:38:05.870Z	2022-10-25T09:19:08.010Z	SUB11601558	AGL1206	Severe acute respiratory syndrome coronavirus 2
SAMN29453171	257_d3	BioProject: 1, SRA: 1	Released	2022-10-25	2022-07-01T11:38:05.843Z	2022-10-25T09:19:07.993Z	SUB11601558	AGL1180	Severe acute respiratory syndrome coronavirus 2
SAMN29453168	256_d3	BioProject: 1, SRA: 1	Released	2022-10-25	2022-07-01T11:38:05.813Z	2022-10-25T09:19:07.970Z	SUB11601558	AGL1049	Severe acute respiratory syndrome coronavirus 2
SAMN29453165	255_d3	BioProject: 1, SRA: 1	Released	2022-10-25	2022-07-01T11:38:05.790Z	2022-10-25T09:19:07.953Z	SUB11601558	AGL1202	Severe acute respiratory syndrome coronavirus 2
SAMN29453163	254_d5	BioProject: 1, SRA: 1	Released	2022-10-25	2022-07-01T11:38:05.770Z	2022-10-25T09:19:07.933Z	SUB11601558	AGL1128	Severe acute respiratory syndrome coronavirus 2
SAMN29453160	253_d5	BioProject: 1, SRA: 1	Released	2022-10-25	2022-07-01T11:38:05.746Z	2022-10-25T09:19:07.916Z	SUB11601558	AGL1117	Severe acute respiratory syndrome coronavirus 2
SAMN29453158	253_d1	BioProject: 1, SRA: 1	Released	2022-10-25	2022-07-01T11:38:05.730Z	2022-10-25T09:19:07.900Z	SUB11601558	AGL1097	Severe acute respiratory syndrome coronavirus 2
SAMN29453147	249_d3	BioProject: 1, SRA: 1	Released	2022-10-25	2022-07-01T11:38:05.626Z	2022-10-25T09:19:07.880Z	SUB11601558	AGL1082	Severe acute respiratory syndrome coronavirus 2
SAMN29453146	249_d1	BioProject: 1, SRA: 1	Released	2022-10-25	2022-07-01T11:38:05.620Z	2022-10-25T09:19:07.866Z	SUB11601558	AGL1056	Severe acute respiratory syndrome coronavirus 2
SAMN29453145	248_d5	BioProject: 1, SRA: 1	Released	2022-10-25	2022-07-01T11:38:05.573Z	2022-10-25T09:19:07.846Z	SUB11601558	AGL1213	Severe acute respiratory syndrome coronavirus 2
SAMN29453142	247_d5	BioProject: 1, SRA: 1	Released	2022-10-25	2022-07-01T11:38:05.550Z	2022-10-25T09:19:07.826Z	SUB11601558	AGL1209	Severe acute respiratory syndrome coronavirus 2
SAMN29453137	246_d1	BioProject: 1, SRA: 1	Released	2022-10-25	2022-07-01T11:38:05.503Z	2022-10-25T09:19:07.810Z	SUB11601558	AGL1039	Severe acute respiratory syndrome coronavirus 2
SAMN29453136	245_d5	BioProject: 1, SRA: 1	Released	2022-10-25	2022-07-01T11:38:05.493Z	2022-10-25T09:19:07.790Z	SUB11601558	AGL1121	Severe acute respiratory syndrome coronavirus 2
SAMN29453134	245_d1	BioProject: 1, SRA: 1	Released	2022-10-25	2022-07-01T11:38:05.476Z	2022-10-25T09:19:07.770Z	SUB11601558	AGL1037	Severe acute respiratory syndrome coronavirus 2
SAMN29453128	242_d5	BioProject: 1, SRA: 1	Released	2022-10-25	2022-07-01T11:38:05.423Z	2022-10-25T09:19:07.753Z	SUB11601558	AGL1018	Severe acute respiratory syndrome coronavirus 2
SAMN29453124	241_d3	BioProject: 1, SRA: 1	Released	2022-10-25	2022-07-01T11:38:05.386Z	2022-10-25T09:19:07.736Z	SUB11601558	AGL1055	Severe acute respiratory syndrome coronavirus 2
SAMN29453120	240_d1	BioProject: 1, SRA: 1	Released	2022-10-25	2022-07-01T11:38:05.350Z	2022-10-25T09:19:07.720Z	SUB11601558	AGL0611	Severe acute respiratory syndrome coronavirus 2
SAMN29453115	238_d3	BioProject: 1, SRA: 1	Released	2022-10-25	2022-07-01T11:38:05.303Z	2022-10-25T09:19:07.703Z	SUB11601558	AGL0991	Severe acute respiratory syndrome coronavirus 2
SAMN29453112	237_d3	BioProject: 1, SRA: 1	Released	2022-10-25	2022-07-01T11:38:05.273Z	2022-10-25T09:19:07.686Z	SUB11601558	AGL1038	Severe acute respiratory syndrome coronavirus 2
SAMN29453109	236_d3	BioProject: 1, SRA: 1	Released	2022-10-25	2022-07-01T11:38:05.243Z	2022-10-25T09:19:07.670Z	SUB11601558	AGL1126	Severe acute respiratory syndrome coronavirus 2
SAMN29453106	235_d3	BioProject: 1, SRA: 1	Released	2022-10-25	2022-07-01T11:38:05.216Z	2022-10-25T09:19:07.656Z	SUB11601558	AGL1004	Severe acute respiratory syndrome coronavirus 2
SAMN29453105	235_d1	BioProject: 1, SRA: 1	Released	2022-10-25	2022-07-01T11:38:05.206Z	2022-10-25T09:19:07.640Z	SUB11601558	AGL0988	Severe acute respiratory syndrome coronavirus 2
SAMN29453102	234_d1	BioProject: 1, SRA: 1	Released	2022-10-25	2022-07-01T11:38:05.180Z	2022-10-25T09:19:07.623Z	SUB11601558	AGL0713	Severe acute respiratory syndrome coronavirus 2
SAMN29453100	233_d3	BioProject: 1, SRA: 1	Released	2022-10-25	2022-07-01T11:38:05.163Z	2022-10-25T09:19:07.606Z	SUB11601558	AGL1109	Severe acute respiratory syndrome coronavirus 2
SAMN29453099	233_d1	BioProject: 1, SRA: 1	Released	2022-10-25	2022-07-01T11:38:05.153Z	2022-10-25T09:19:07.590Z	SUB11601558	AGL0735	Severe acute respiratory syndrome coronavirus 2
SAMN29453091	230_d3	BioProject: 1, SRA: 1	Released	2022-10-25	2022-07-01T11:38:05.080Z	2022-10-25T09:19:07.573Z	SUB11601558	AGL0706	Severe acute respiratory syndrome coronavirus 2
SAMN29453088	229_d3	BioProject: 1, SRA: 1	Released	2022-10-25	2022-07-01T11:38:05.040Z	2022-10-25T09:19:07.556Z	SUB11601558	AGL0959	Severe acute respiratory syndrome coronavirus 2
SAMN29453084	228_d1	BioProject: 1, SRA: 1	Released	2022-10-25	2022-07-01T11:38:04.990Z	2022-10-25T09:19:07.536Z	SUB11601558	AGL0993	Severe acute respiratory syndrome coronavirus 2
SAMN29453083	227_d5	BioProject: 1, SRA: 1	Released	2022-10-25	2022-07-01T11:38:04.980Z	2022-10-25T09:19:07.520Z	SUB11601558	AGL1108	Severe acute respiratory syndrome coronavirus 2
SAMN29453080	226_d5	BioProject: 1, SRA: 1	Released	2022-10-25	2022-07-01T11:38:04.953Z	2022-10-25T09:19:07.500Z	SUB11601558	AGL1101	Severe acute respiratory syndrome coronavirus 2
SAMN29453079	226_d3	BioProject: 1, SRA: 1	Released	2022-10-25	2022-07-01T11:38:04.943Z	2022-10-25T09:19:07.483Z	SUB11601558	AGL0739	Severe acute respiratory syndrome coronavirus 2
SAMN29453071	223_d5	BioProject: 1, SRA: 1	Released	2022-10-25	2022-07-01T11:38:04.873Z	2022-10-25T09:19:07.470Z	SUB11601558	AGL1178	Severe acute respiratory syndrome coronavirus 2
SAMN29453070	223_d3	BioProject: 1, SRA: 1	Released	2022-10-25	2022-07-01T11:38:04.863Z	2022-10-25T09:19:07.446Z	SUB11601558	AGL1201	Severe acute respiratory syndrome coronavirus 2
SAMN29453066	222_d1	BioProject: 1, SRA: 1	Released	2022-10-25	2022-07-01T11:38:04.830Z	2022-10-25T09:19:07.430Z	SUB11601558	AGL1304	Severe acute respiratory syndrome coronavirus 2
SAMN29453065	221_d5	BioProject: 1, SRA: 1	Released	2022-10-25	2022-07-01T11:38:04.820Z	2022-10-25T09:19:07.413Z	SUB11601558	AGL1226	Severe acute respiratory syndrome coronavirus 2
SAMN29453062	220_d5	BioProject: 1, SRA: 1	Released	2022-10-25	2022-07-01T11:38:04.786Z	2022-10-25T09:19:07.396Z	SUB11601558	AGL0970	Severe acute respiratory syndrome coronavirus 2
SAMN29453061	220_d3	BioProject: 1, SRA: 1	Released	2022-10-25	2022-07-01T11:38:04.773Z	2022-10-25T09:19:07.380Z	SUB11601558	AGL0744	Severe acute respiratory syndrome coronavirus 2
SAMN29453056	218_d5	BioProject: 1, SRA: 1	Released	2022-10-25	2022-07-01T11:38:04.723Z	2022-10-25T09:19:07.360Z	SUB11601558	AGL0973	Severe acute respiratory syndrome coronavirus 2
SAMN29453052	217_d3	BioProject: 1, SRA: 1	Released	2022-10-25	2022-07-01T11:38:04.690Z	2022-10-25T09:19:07.343Z	SUB11601558	AGL0743	Severe acute respiratory syndrome coronavirus 2
SAMN29453046	215_d3	BioProject: 1, SRA: 1	Released	2022-10-25	2022-07-01T11:38:04.630Z	2022-10-25T09:19:07.313Z	SUB11601558	AGL0537	Severe acute respiratory syndrome coronavirus 2
SAMN29453034	211_d3	BioProject: 1, SRA: 1	Released	2022-10-25	2022-07-01T11:38:04.526Z	2022-10-25T09:19:07.296Z	SUB11601558	AGL0533	Severe acute respiratory syndrome coronavirus 2
SAMN29453033	211_d1	BioProject: 1, SRA: 1	Released	2022-10-25	2022-07-01T11:38:04.516Z	2022-10-25T09:19:07.280Z	SUB11601558	AGL0546	Severe acute respiratory syndrome coronavirus 2
SAMN29453024	208_d1	BioProject: 1, SRA: 1	Released	2022-10-25	2022-07-01T11:38:04.433Z	2022-10-25T09:19:06.873Z	SUB11601558	AGL0624	Severe acute respiratory syndrome coronavirus 2
SAMN29453022	207_d3	BioProject: 1, SRA: 1	Released	2022-10-25	2022-07-01T11:38:04.380Z	2022-10-25T09:19:06.853Z	SUB11601558	AGL0442	Severe acute respiratory syndrome coronavirus 2
SAMN29453021	207_d1	BioProject: 1, SRA: 1	Released	2022-10-25	2022-07-01T11:38:04.370Z	2022-10-25T09:19:06.826Z	SUB11601558	AGL0545	Severe acute respiratory syndrome coronavirus 2
SAMN29453011	203_d5	BioProject: 1, SRA: 1	Released	2022-10-25	2022-07-01T11:38:04.280Z	2022-10-25T09:19:06.810Z	SUB11601558	AGL0636	Severe acute respiratory syndrome coronavirus 2
SAMN29453246	282_d5	BioProject: 1, SRA: 1	Released	2022-10-25	2022-07-01T11:38:06.500Z	2022-10-25T09:19:06.793Z	SUB11601558	AGL1559	Severe acute respiratory syndrome coronavirus 2
SAMN29453245	282_d3	BioProject: 1, SRA: 1	Released	2022-10-25	2022-07-01T11:38:06.493Z	2022-10-25T09:19:06.776Z	SUB11601558	AGL1533	Severe acute respiratory syndrome coronavirus 2
SAMN29453243	281_d5	BioProject: 1, SRA: 1	Released	2022-10-25	2022-07-01T11:38:06.473Z	2022-10-25T09:19:06.753Z	SUB11601558	AGL1547	Severe acute respiratory syndrome coronavirus 2
SAMN29453233	278_d3	BioProject: 1, SRA: 1	Released	2022-10-25	2022-07-01T11:38:06.386Z	2022-10-25T09:19:06.723Z	SUB11601558	AGL1492	Severe acute respiratory syndrome coronavirus 2
SAMN29453225	275_d5	BioProject: 1, SRA: 1	Released	2022-10-25	2022-07-01T11:38:06.316Z	2022-10-25T09:19:06.706Z	SUB11601558	AGL1670	Severe acute respiratory syndrome coronavirus 2
SAMN29453224	275_d3	BioProject: 1, SRA: 1	Released	2022-10-25	2022-07-01T11:38:06.306Z	2022-10-25T09:19:06.690Z	SUB11601558	AGL1681	Severe acute respiratory syndrome coronavirus 2
SAMN29453222	274_d5	BioProject: 1, SRA: 1	Released	2022-10-25	2022-07-01T11:38:06.290Z	2022-10-25T09:19:06.670Z	SUB11601558	AGL1662	Severe acute respiratory syndrome coronavirus 2
SAMN29453220	274_d1	BioProject: 1, SRA: 1	Released	2022-10-25	2022-07-01T11:38:06.273Z	2022-10-25T09:19:06.653Z	SUB11601558	AGL1622	Severe acute respiratory syndrome coronavirus 2
SAMN29453217	273_d1	BioProject: 1, SRA: 1	Released	2022-10-25	2022-07-01T11:38:06.246Z	2022-10-25T09:19:06.636Z	SUB11601558	AGL1678	Severe acute respiratory syndrome coronavirus 2
SAMN29453216	272_d5	BioProject: 1, SRA: 1	Released	2022-10-25	2022-07-01T11:38:06.236Z	2022-10-25T09:19:06.620Z	SUB11601558	AGL1671	Severe acute respiratory syndrome coronavirus 2
SAMN29453212	271_d3	BioProject: 1, SRA: 1	Released	2022-10-25	2022-07-01T11:38:06.200Z	2022-10-25T09:19:06.600Z	SUB11601558	AGL1651	Severe acute respiratory syndrome coronavirus 2
SAMN29453208	270_d1	BioProject: 1, SRA: 1	Released	2022-10-25	2022-07-01T11:38:06.166Z	2022-10-25T09:19:06.583Z	SUB11601558	AGL1424	Severe acute respiratory syndrome coronavirus 2
SAMN29453205	269_d1	BioProject: 1, SRA: 1	Released	2022-10-25	2022-07-01T11:38:06.140Z	2022-10-25T09:19:06.563Z	SUB11601558	AGL1532	Severe acute respiratory syndrome coronavirus 2
SAMN29453203	268_d3	BioProject: 1, SRA: 1	Released	2022-10-25	2022-07-01T11:38:06.120Z	2022-10-25T09:19:06.546Z	SUB11601558	AGL1423	Severe acute respiratory syndrome coronavirus 2
SAMN29453495	366_d1	BioProject: 1, SRA: 1	Released	2022-10-25	2022-07-01T11:38:08.913Z	2022-10-25T09:19:06.530Z	SUB11601558	AGL3107	Severe acute respiratory syndrome coronavirus 2
SAMN29453489	364_d1	BioProject: 1, SRA: 1	Released	2022-10-25	2022-07-01T11:38:08.853Z	2022-10-25T09:19:06.513Z	SUB11601558	AGL2536	Severe acute respiratory syndrome coronavirus 2
SAMN29453488	363_d5	BioProject: 1, SRA: 1	Released	2022-10-25	2022-07-01T11:38:08.843Z	2022-10-25T09:19:06.496Z	SUB11601558	AGL2989	Severe acute respiratory syndrome coronavirus 2
SAMN29453487	363_d3	BioProject: 1, SRA: 1	Released	2022-10-25	2022-07-01T11:38:08.833Z	2022-10-25T09:19:06.476Z	SUB11601558	AGL2993	Severe acute respiratory syndrome coronavirus 2
SAMN29453475	359_d3	BioProject: 1, SRA: 1	Released	2022-10-25	2022-07-01T11:38:08.723Z	2022-10-25T09:19:06.460Z	SUB11601558	AGL2869	Severe acute respiratory syndrome coronavirus 2
SAMN29453465	356_d1	BioProject: 1, SRA: 1	Released	2022-10-25	2022-07-01T11:38:08.633Z	2022-10-25T09:19:06.443Z	SUB11601558	AGL2687	Severe acute respiratory syndrome coronavirus 2
SAMN29453455	352_d5	BioProject: 1, SRA: 1	Released	2022-10-25	2022-07-01T11:38:08.536Z	2022-10-25T09:19:06.430Z	SUB11601558	AGL2609	Severe acute respiratory syndrome coronavirus 2
SAMN29453438	347_d1	BioProject: 1, SRA: 1	Released	2022-10-25	2022-07-01T11:38:08.380Z	2022-10-25T09:19:06.413Z	SUB11601558	AGL2860	Severe acute respiratory syndrome coronavirus 2
SAMN29453435	346_d1	BioProject: 1, SRA: 1	Released	2022-10-25	2022-07-01T11:38:08.350Z	2022-10-25T09:19:06.396Z	SUB11601558	AGL2853	Severe acute respiratory syndrome coronavirus 2
SAMN29453425	342_d5	BioProject: 1, SRA: 1	Released	2022-10-25	2022-07-01T11:38:08.260Z	2022-10-25T09:19:06.380Z	SUB11601558	AGL2615	Severe acute respiratory syndrome coronavirus 2
SAMN29453419	340_d5	BioProject: 1, SRA: 1	Released	2022-10-25	2022-07-01T11:38:08.203Z	2022-10-25T09:19:06.353Z	SUB11601558	AGL2297	Severe acute respiratory syndrome coronavirus 2
SAMN29453414	339_d1	BioProject: 1, SRA: 1	Released	2022-10-25	2022-07-01T11:38:08.156Z	2022-10-25T09:19:06.336Z	SUB11601558	AGL2540	Severe acute respiratory syndrome coronavirus 2
SAMN29453408	337_d1	BioProject: 1, SRA: 1	Released	2022-10-25	2022-07-01T11:38:08.100Z	2022-10-25T09:19:06.320Z	SUB11601558	AGL2066	Severe acute respiratory syndrome coronavirus 2
SAMN29453402	335_d1	BioProject: 1, SRA: 1	Released	2022-10-25	2022-07-01T11:38:08.040Z	2022-10-25T09:19:06.303Z	SUB11601558	AGL2581	Severe acute respiratory syndrome coronavirus 2
SAMN29453393	332_d1	BioProject: 1, SRA: 1	Released	2022-10-25	2022-07-01T11:38:07.953Z	2022-10-25T09:19:06.280Z	SUB11601558	AGL2492	Severe acute respiratory syndrome coronavirus 2
SAMN29453391	331_d3	BioProject: 1, SRA: 1	Released	2022-10-25	2022-07-01T11:38:07.933Z	2022-10-25T09:19:06.263Z	SUB11601558	AGL2474	Severe acute respiratory syndrome coronavirus 2
SAMN29453388	330_d3	BioProject: 1, SRA: 1	Released	2022-10-25	2022-07-01T11:38:07.906Z	2022-10-25T09:19:06.240Z	SUB11601558	AGL2486	Severe acute respiratory syndrome coronavirus 2
SAMN29453382	328_d3	BioProject: 1, SRA: 1	Released	2022-10-25	2022-07-01T11:38:07.853Z	2022-10-25T09:19:06.203Z	SUB11601558	AGL2446	Severe acute respiratory syndrome coronavirus 2
SAMN29453381	328_d1	BioProject: 1, SRA: 1	Released	2022-10-25	2022-07-01T11:38:07.843Z	2022-10-25T09:19:06.176Z	SUB11601558	AGL2433	Severe acute respiratory syndrome coronavirus 2
SAMN29453373	325_d3	BioProject: 1, SRA: 1	Released	2022-10-25	2022-07-01T11:38:07.773Z	2022-10-25T09:19:06.156Z	SUB11601558	AGL2421	Severe acute respiratory syndrome coronavirus 2
SAMN29453371	324_d5	BioProject: 1, SRA: 1	Released	2022-10-25	2022-07-01T11:38:07.753Z	2022-10-25T09:19:06.140Z	SUB11601558	AGL2403	Severe acute respiratory syndrome coronavirus 2
SAMN29453359	320_d5	BioProject: 1, SRA: 1	Released	2022-10-25	2022-07-01T11:38:07.646Z	2022-10-25T09:19:06.123Z	SUB11601558	AGL1985	Severe acute respiratory syndrome coronavirus 2
SAMN29453350	317_d5	BioProject: 1, SRA: 1	Released	2022-10-25	2022-07-01T11:38:07.566Z	2022-10-25T09:19:06.103Z	SUB11601558	AGL2432	Severe acute respiratory syndrome coronavirus 2
SAMN29453341	314_d5	BioProject: 1, SRA: 1	Released	2022-10-25	2022-07-01T11:38:07.480Z	2022-10-25T09:19:06.086Z	SUB11601558	AGL2429	Severe acute respiratory syndrome coronavirus 2
SAMN29453324	309_d1	BioProject: 1, SRA: 1	Released	2022-10-25	2022-07-01T11:38:07.323Z	2022-10-25T09:19:06.056Z	SUB11601558	AGL2256	Severe acute respiratory syndrome coronavirus 2
SAMN29453318	307_d1	BioProject: 1, SRA: 1	Released	2022-10-25	2022-07-01T11:38:07.253Z	2022-10-25T09:19:06.040Z	SUB11601558	AGL1845	Severe acute respiratory syndrome coronavirus 2
SAMN29453312	305_d1	BioProject: 1, SRA: 1	Released	2022-10-25	2022-07-01T11:38:07.180Z	2022-10-25T09:19:06.020Z	SUB11601558	AGL1868	Severe acute respiratory syndrome coronavirus 2
SAMN29453311	304_d5	BioProject: 1, SRA: 1	Released	2022-10-25	2022-07-01T11:38:07.170Z	2022-10-25T09:19:05.920Z	SUB11601558	AGL2076	Severe acute respiratory syndrome coronavirus 2
SAMN29453309	304_d1	BioProject: 1, SRA: 1	Released	2022-10-25	2022-07-01T11:38:07.153Z	2022-10-25T09:19:05.903Z	SUB11601558	AGL1942	Severe acute respiratory syndrome coronavirus 2
SAMN29453299	300_d5	BioProject: 1, SRA: 1	Released	2022-10-25	2022-07-01T11:38:07.060Z	2022-10-25T09:19:05.886Z	SUB11601558	AGL1975	Severe acute respiratory syndrome coronavirus 2
SAMN29453288	297_d1	BioProject: 1, SRA: 1	Released	2022-10-25	2022-07-01T11:38:06.960Z	2022-10-25T09:19:05.870Z	SUB11601558	AGL1655	Severe acute respiratory syndrome coronavirus 2
SAMN29453287	296_d5	BioProject: 1, SRA: 1	Released	2022-10-25	2022-07-01T11:38:06.950Z	2022-10-25T09:19:05.846Z	SUB11601558	AGL1617	Severe acute respiratory syndrome coronavirus 2
SAMN29453284	295_d5	BioProject: 1, SRA: 1	Released	2022-10-25	2022-07-01T11:38:06.923Z	2022-10-25T09:19:05.430Z	SUB11601558	AGL1728	Severe acute respiratory syndrome coronavirus 2
SAMN29453279	294_d1	BioProject: 1, SRA: 1	Released	2022-10-25	2022-07-01T11:38:06.880Z	2022-10-25T09:19:05.413Z	SUB11601558	AGL1696	Severe acute respiratory syndrome coronavirus 2
SAMN29453275	292_d5	BioProject: 1, SRA: 1	Released	2022-10-25	2022-07-01T11:38:06.840Z	2022-10-25T09:19:05.400Z	SUB11601558	AGL1742	Severe acute respiratory syndrome coronavirus 2
SAMN29453269	290_d5	BioProject: 1, SRA: 1	Released	2022-10-25	2022-07-01T11:38:06.726Z	2022-10-25T09:19:05.380Z	SUB11601558	AGL1746	Severe acute respiratory syndrome coronavirus 2
SAMN29453260	287_d3	BioProject: 1, SRA: 1	Released	2022-10-25	2022-07-01T11:38:06.643Z	2022-10-25T09:19:05.363Z	SUB11601558	AGL1548	Severe acute respiratory syndrome coronavirus 2
SAMN29453536	380_d1	BioProject: 1, SRA: 1	Released	2022-10-25	2022-07-01T11:38:09.290Z	2022-10-25T09:19:05.346Z	SUB11601558	AGL1986	Severe acute respiratory syndrome coronavirus 2
SAMN29453533	379_d1	BioProject: 1, SRA: 1	Released	2022-10-25	2022-07-01T11:38:09.263Z	2022-10-25T09:19:05.330Z	SUB11601558	AGL2968	Severe acute respiratory syndrome coronavirus 2
SAMN29453524	376_d1	BioProject: 1, SRA: 1	Released	2022-10-25	2022-07-01T11:38:09.183Z	2022-10-25T09:19:05.313Z	SUB11601558	AGL2995	Severe acute respiratory syndrome coronavirus 2
SAMN29453516	373_d3	BioProject: 1, SRA: 1	Released	2022-10-25	2022-07-01T11:38:09.103Z	2022-10-25T09:19:05.296Z	SUB11601558	AGL3179	Severe acute respiratory syndrome coronavirus 2
SAMN29453512	372_d1	BioProject: 1, SRA: 1	Released	2022-10-25	2022-07-01T11:38:09.066Z	2022-10-25T09:19:05.280Z	SUB11601558	AGL2737	Severe acute respiratory syndrome coronavirus 2
SAMN29453510	371_d3	BioProject: 1, SRA: 1	Released	2022-10-25	2022-07-01T11:38:09.050Z	2022-10-25T09:19:05.263Z	SUB11601558	AGL2855	Severe acute respiratory syndrome coronavirus 2
SAMN29453199	267_d1	BioProject: 1, SRA: 1	Released	2022-10-25	2022-07-01T11:38:06.083Z	2022-10-25T09:19:05.246Z	SUB11601558	AGL1409	Severe acute respiratory syndrome coronavirus 2
SAMN29453189	263_d5	BioProject: 1, SRA: 1	Released	2022-10-25	2022-07-01T11:38:06Z	2022-10-25T09:19:05.230Z	SUB11601558	AGL1436	Severe acute respiratory syndrome coronavirus 2
SAMN29453185	262_d3	BioProject: 1, SRA: 1	Released	2022-10-25	2022-07-01T11:38:05.963Z	2022-10-25T09:19:05.213Z	SUB11601558	AGL1413	Severe acute respiratory syndrome coronavirus 2
SAMN29453184	262_d1	BioProject: 1, SRA: 1	Released	2022-10-25	2022-07-01T11:38:05.953Z	2022-10-25T09:19:05.200Z	SUB11601558	AGL1418	Severe acute respiratory syndrome coronavirus 2
SAMN29453182	261_d1	BioProject: 1, SRA: 1	Released	2022-10-25	2022-07-01T11:38:05.936Z	2022-10-25T09:19:05.183Z	SUB11601558	AGL1326	Severe acute respiratory syndrome coronavirus 2
SAMN29453179	260_d1	BioProject: 1, SRA: 1	Released	2022-10-25	2022-07-01T11:38:05.910Z	2022-10-25T09:19:05.166Z	SUB11601558	AGL1051	Severe acute respiratory syndrome coronavirus 2
SAMN29453169	256_d5	BioProject: 1, SRA: 1	Released	2022-10-25	2022-07-01T11:38:05.823Z	2022-10-25T09:19:05.150Z	SUB11601558	AGL1204	Severe acute respiratory syndrome coronavirus 2
SAMN29453162	254_d3	BioProject: 1, SRA: 1	Released	2022-10-25	2022-07-01T11:38:05.763Z	2022-10-25T09:19:05.136Z	SUB11601558	AGL1214	Severe acute respiratory syndrome coronavirus 2
SAMN29453152	251_d1	BioProject: 1, SRA: 1	Released	2022-10-25	2022-07-01T11:38:05.676Z	2022-10-25T09:19:05.110Z	SUB11601558	AGL1113	Severe acute respiratory syndrome coronavirus 2
SAMN29453133	244_d5	BioProject: 1, SRA: 1	Released	2022-10-25	2022-07-01T11:38:05.466Z	2022-10-25T09:19:05.093Z	SUB11601558	AGL1091	Severe acute respiratory syndrome coronavirus 2
SAMN29453131	243_d5	BioProject: 1, SRA: 1	Released	2022-10-25	2022-07-01T11:38:05.450Z	2022-10-25T09:19:05.073Z	SUB11601558	AGL1083	Severe acute respiratory syndrome coronavirus 2
SAMN29453129	243_d1	BioProject: 1, SRA: 1	Released	2022-10-25	2022-07-01T11:38:05.430Z	2022-10-25T09:19:05.060Z	SUB11601558	AGL1054	Severe acute respiratory syndrome coronavirus 2
SAMN29453123	241_d1	BioProject: 1, SRA: 1	Released	2022-10-25	2022-07-01T11:38:05.380Z	2022-10-25T09:19:05.040Z	SUB11601558	AGL1041	Severe acute respiratory syndrome coronavirus 2
SAMN29453122	240_d5	BioProject: 1, SRA: 1	Released	2022-10-25	2022-07-01T11:38:05.370Z	2022-10-25T09:19:05.020Z	SUB11601558	AGL1087	Severe acute respiratory syndrome coronavirus 2
SAMN29453119	239_d5	BioProject: 1, SRA: 1	Released	2022-10-25	2022-07-01T11:38:05.340Z	2022-10-25T09:19:05.003Z	SUB11601558	AGL1085	Severe acute respiratory syndrome coronavirus 2
SAMN29453110	236_d5	BioProject: 1, SRA: 1	Released	2022-10-25	2022-07-01T11:38:05.253Z	2022-10-25T09:19:04.990Z	SUB11601558	AGL1093	Severe acute respiratory syndrome coronavirus 2
SAMN29453103	234_d3	BioProject: 1, SRA: 1	Released	2022-10-25	2022-07-01T11:38:05.190Z	2022-10-25T09:19:04.973Z	SUB11601558	AGL0994	Severe acute respiratory syndrome coronavirus 2
SAMN29453101	233_d5	BioProject: 1, SRA: 1	Released	2022-10-25	2022-07-01T11:38:05.170Z	2022-10-25T09:19:04.956Z	SUB11601558	AGL1059	Severe acute respiratory syndrome coronavirus 2
SAMN29453096	232_d1	BioProject: 1, SRA: 1	Released	2022-10-25	2022-07-01T11:38:05.126Z	2022-10-25T09:19:04.943Z	SUB11601558	AGL1026	Severe acute respiratory syndrome coronavirus 2
SAMN29453089	229_d5	BioProject: 1, SRA: 1	Released	2022-10-25	2022-07-01T11:38:05.060Z	2022-10-25T09:19:04.926Z	SUB11601558	AGL1048	Severe acute respiratory syndrome coronavirus 2
SAMN29453085	228_d3	BioProject: 1, SRA: 1	Released	2022-10-25	2022-07-01T11:38:05Z	2022-10-25T09:19:04.910Z	SUB11601558	AGL1013	Severe acute respiratory syndrome coronavirus 2
SAMN29453076	225_d3	BioProject: 1, SRA: 1	Released	2022-10-25	2022-07-01T11:38:04.920Z	2022-10-25T09:19:04.893Z	SUB11601558	AGL1024	Severe acute respiratory syndrome coronavirus 2
SAMN29453069	223_d1	BioProject: 1, SRA: 1	Released	2022-10-25	2022-07-01T11:38:04.856Z	2022-10-25T09:19:04.880Z	SUB11601558	AGL1156	Severe acute respiratory syndrome coronavirus 2
SAMN29453059	219_d5	BioProject: 1, SRA: 1	Released	2022-10-25	2022-07-01T11:38:04.750Z	2022-10-25T09:19:04.863Z	SUB11601558	AGL0980	Severe acute respiratory syndrome coronavirus 2
SAMN29453058	219_d3	BioProject: 1, SRA: 1	Released	2022-10-25	2022-07-01T11:38:04.743Z	2022-10-25T09:19:04.846Z	SUB11601558	AGL0742	Severe acute respiratory syndrome coronavirus 2
SAMN29453053	217_d5	BioProject: 1, SRA: 1	Released	2022-10-25	2022-07-01T11:38:04.696Z	2022-10-25T09:19:04.830Z	SUB11601558	AGL0720	Severe acute respiratory syndrome coronavirus 2
SAMN29453048	216_d1	BioProject: 1, SRA: 1	Released	2022-10-25	2022-07-01T11:38:04.650Z	2022-10-25T09:19:04.816Z	SUB11601558	AGL0755	Severe acute respiratory syndrome coronavirus 2
SAMN29453039	213_d1	BioProject: 1, SRA: 1	Released	2022-10-25	2022-07-01T11:38:04.570Z	2022-10-25T09:19:04.800Z	SUB11601558	AGL0535	Severe acute respiratory syndrome coronavirus 2
SAMN29453038	212_d5	BioProject: 1, SRA: 1	Released	2022-10-25	2022-07-01T11:38:04.563Z	2022-10-25T09:19:04.783Z	SUB11601558	AGL0747	Severe acute respiratory syndrome coronavirus 2
SAMN29453037	212_d3	BioProject: 1, SRA: 1	Released	2022-10-25	2022-07-01T11:38:04.553Z	2022-10-25T09:19:04.766Z	SUB11601558	AGL0548	Severe acute respiratory syndrome coronavirus 2
SAMN29453032	210_d5	BioProject: 1, SRA: 1	Released	2022-10-25	2022-07-01T11:38:04.506Z	2022-10-25T09:19:04.750Z	SUB11601558	AGL0757	Severe acute respiratory syndrome coronavirus 2
SAMN29453030	210_d1	BioProject: 1, SRA: 1	Released	2022-10-25	2022-07-01T11:38:04.490Z	2022-10-25T09:19:04.723Z	SUB11601558	AGL0628	Severe acute respiratory syndrome coronavirus 2
SAMN29453029	209_d5	BioProject: 1, SRA: 1	Released	2022-10-25	2022-07-01T11:38:04.480Z	2022-10-25T09:19:04.710Z	SUB11601558	AGL0758	Severe acute respiratory syndrome coronavirus 2
SAMN29453016	205_d3	BioProject: 1, SRA: 1	Released	2022-10-25	2022-07-01T11:38:04.326Z	2022-10-25T09:19:04.690Z	SUB11601558	AGL0618	Severe acute respiratory syndrome coronavirus 2
SAMN29453013	204_d3	BioProject: 1, SRA: 1	Released	2022-10-25	2022-07-01T11:38:04.296Z	2022-10-25T09:19:04.670Z	SUB11601558	AGL0609	Severe acute respiratory syndrome coronavirus 2
SAMN29453012	204_d1	BioProject: 1, SRA: 1	Released	2022-10-25	2022-07-01T11:38:04.290Z	2022-10-25T09:19:04.653Z	SUB11601558	AGL0607	Severe acute respiratory syndrome coronavirus 2
SAMN29453006	202_d1	BioProject: 1, SRA: 1	Released	2022-10-25	2022-07-01T11:38:04.233Z	2022-10-25T09:19:04.636Z	SUB11601558	AGL0637	Severe acute respiratory syndrome coronavirus 2
SAMN29453005	201_d5	BioProject: 1, SRA: 1	Released	2022-10-25	2022-07-01T11:38:04.223Z	2022-10-25T09:19:04.616Z	SUB11601558	AGL0441	Severe acute respiratory syndrome coronavirus 2
SAMN29453241	281_d1	BioProject: 1, SRA: 1	Released	2022-10-25	2022-07-01T11:38:06.453Z	2022-10-25T09:19:04.600Z	SUB11601558	AGL1539	Severe acute respiratory syndrome coronavirus 2
SAMN29453240	280_d5	BioProject: 1, SRA: 1	Released	2022-10-25	2022-07-01T11:38:06.446Z	2022-10-25T09:19:03.700Z	SUB11601558	AGL1554	Severe acute respiratory syndrome coronavirus 2
SAMN29453232	278_d1	BioProject: 1, SRA: 1	Released	2022-10-25	2022-07-01T11:38:06.376Z	2022-10-25T09:19:03.683Z	SUB11601558	AGL1503	Severe acute respiratory syndrome coronavirus 2
SAMN29453226	276_d1	BioProject: 1, SRA: 1	Released	2022-10-25	2022-07-01T11:38:06.326Z	2022-10-25T09:19:03.670Z	SUB11601558	AGL1506	Severe acute respiratory syndrome coronavirus 2
SAMN29453215	272_d3	BioProject: 1, SRA: 1	Released	2022-10-25	2022-07-01T11:38:06.226Z	2022-10-25T09:19:03.650Z	SUB11601558	AGL1628	Severe acute respiratory syndrome coronavirus 2
SAMN29453204	268_d5	BioProject: 1, SRA: 1	Released	2022-10-25	2022-07-01T11:38:06.130Z	2022-10-25T09:19:03.633Z	SUB11601558	AGL1419	Severe acute respiratory syndrome coronavirus 2
SAMN29453003	201_d1	BioProject: 1, SRA: 1	Released	2022-10-25	2022-07-01T11:38:04.200Z	2022-10-25T09:19:03.616Z	SUB11601558	AGL0626	Severe acute respiratory syndrome coronavirus 2
SAMN29453397	333_d3	BioProject: 1, SRA: 1	Released	2022-10-25	2022-07-01T11:38:07.993Z	2022-10-25T09:19:03.600Z	SUB11601558	AGL2489	Severe acute respiratory syndrome coronavirus 2
SAMN29453116	238_d5	BioProject: 1, SRA: 1	Released	2022-10-25	2022-07-01T11:38:05.313Z	2022-10-25T09:19:03.583Z	SUB11601558	AGL1058	Severe acute respiratory syndrome coronavirus 2
SAMN29453104	234_d5	BioProject: 1, SRA: 1	Released	2022-10-25	2022-07-01T11:38:05.200Z	2022-10-25T09:19:03.566Z	SUB11601558	AGL1045	Severe acute respiratory syndrome coronavirus 2
SAMN29453082	227_d3	BioProject: 1, SRA: 1	Released	2022-10-25	2022-07-01T11:38:04.970Z	2022-10-25T09:19:03.550Z	SUB11601558	AGL0716	Severe acute respiratory syndrome coronavirus 2
SAMN29453517	373_d5	BioProject: 1, SRA: 1	Released	2022-10-25	2022-07-01T11:38:09.113Z	2022-10-25T09:19:03.530Z	SUB11601558	AGL3265	Severe acute respiratory syndrome coronavirus 2
SAMN29453054	218_d1	BioProject: 1, SRA: 1	Released	2022-10-25	2022-07-01T11:38:04.706Z	2022-10-25T09:19:03.506Z	SUB11601558	AGL0539	Severe acute respiratory syndrome coronavirus 2
SAMN29453296	299_d5	BioProject: 1, SRA: 1	Released	2022-10-25	2022-07-01T11:38:07.033Z	2022-10-25T09:19:03.490Z	SUB11601558	AGL1964	Severe acute respiratory syndrome coronavirus 2
SAMN29453407	336_d5	BioProject: 1, SRA: 1	Released	2022-10-25	2022-07-01T11:38:08.086Z	2022-10-25T09:19:03.466Z	SUB11601558	AGL2266	Severe acute respiratory syndrome coronavirus 2
SAMN29453322	308_d3	BioProject: 1, SRA: 1	Released	2022-10-25	2022-07-01T11:38:07.303Z	2022-10-25T09:19:03.440Z	SUB11601558	AGL1947	Severe acute respiratory syndrome coronavirus 2
SAMN29453321	308_d1	BioProject: 1, SRA: 1	Released	2022-10-25	2022-07-01T11:38:07.293Z	2022-10-25T09:19:03.420Z	SUB11601558	AGL1842	Severe acute respiratory syndrome coronavirus 2
SAMN29453340	314_d3	BioProject: 1, SRA: 1	Released	2022-10-25	2022-07-01T11:38:07.470Z	2022-10-25T09:19:03.386Z	SUB11601558	AGL2424	Severe acute respiratory syndrome coronavirus 2
SAMN29453017	205_d5	BioProject: 1, SRA: 1	Released	2022-10-25	2022-07-01T11:38:04.333Z	2022-10-25T09:19:03.363Z	SUB11601558	AGL0448	Severe acute respiratory syndrome coronavirus 2
SAMN29453198	266_d5	BioProject: 1, SRA: 1	Released	2022-10-25	2022-07-01T11:38:06.073Z	2022-10-25T09:19:03.346Z	SUB11601558	AGL1402	Severe acute respiratory syndrome coronavirus 2
SAMN29453372	325_d1	BioProject: 1, SRA: 1	Released	2022-10-25	2022-07-01T11:38:07.763Z	2022-10-25T09:19:03.330Z	SUB11601558	AGL1941	Severe acute respiratory syndrome coronavirus 2
SAMN29453138	246_d3	BioProject: 1, SRA: 1	Released	2022-10-25	2022-07-01T11:38:05.513Z	2022-10-25T09:19:03.313Z	SUB11601558	AGL1100	Severe acute respiratory syndrome coronavirus 2
SAMN29453467	356_d5	BioProject: 1, SRA: 1	Released	2022-10-25	2022-07-01T11:38:08.650Z	2022-10-25T09:19:03.300Z	SUB11601558	AGL2862	Severe acute respiratory syndrome coronavirus 2
SAMN29453111	237_d1	BioProject: 1, SRA: 1	Released	2022-10-25	2022-07-01T11:38:05.263Z	2022-10-25T09:19:03.283Z	SUB11601558	AGL0997	Severe acute respiratory syndrome coronavirus 2
SAMN29453442	348_d3	BioProject: 1, SRA: 1	Released	2022-10-25	2022-07-01T11:38:08.416Z	2022-10-25T09:19:03.266Z	SUB11601558	AGL3102	Severe acute respiratory syndrome coronavirus 2
SAMN29453280	294_d3	BioProject: 1, SRA: 1	Released	2022-10-25	2022-07-01T11:38:06.890Z	2022-10-25T09:19:03.250Z	SUB11601558	AGL1700	Severe acute respiratory syndrome coronavirus 2
SAMN29453140	247_d1	BioProject: 1, SRA: 1	Released	2022-10-25	2022-07-01T11:38:05.530Z	2022-10-25T09:19:03.233Z	SUB11601558	AGL0650	Severe acute respiratory syndrome coronavirus 2
SAMN29453114	238_d1	BioProject: 1, SRA: 1	Released	2022-10-25	2022-07-01T11:38:05.293Z	2022-10-25T09:19:03.216Z	SUB11601558	AGL0610	Severe acute respiratory syndrome coronavirus 2
SAMN29453395	332_d5	BioProject: 1, SRA: 1	Released	2022-10-25	2022-07-01T11:38:07.973Z	2022-10-25T09:19:03.200Z	SUB11601558	AGL2455	Severe acute respiratory syndrome coronavirus 2
SAMN29453229	277_d1	BioProject: 1, SRA: 1	Released	2022-10-25	2022-07-01T11:38:06.350Z	2022-10-25T09:19:03.180Z	SUB11601558	AGL1510	Severe acute respiratory syndrome coronavirus 2
SAMN29453439	347_d3	BioProject: 1, SRA: 1	Released	2022-10-25	2022-07-01T11:38:08.390Z	2022-10-25T09:19:03.163Z	SUB11601558	AGL3062	Severe acute respiratory syndrome coronavirus 2
SAMN29453143	248_d1	BioProject: 1, SRA: 1	Released	2022-10-25	2022-07-01T11:38:05.556Z	2022-10-25T09:19:03.123Z	SUB11601558	AGL1001	Severe acute respiratory syndrome coronavirus 2
SAMN29453025	208_d3	BioProject: 1, SRA: 1	Released	2022-10-25	2022-07-01T11:38:04.440Z	2022-10-25T09:19:03.106Z	SUB11601558	AGL0446	Severe acute respiratory syndrome coronavirus 2
SAMN29453055	218_d3	BioProject: 1, SRA: 1	Released	2022-10-25	2022-07-01T11:38:04.716Z	2022-10-25T09:19:03.090Z	SUB11601558	AGL0737	Severe acute respiratory syndrome coronavirus 2
SAMN29453135	245_d3	BioProject: 1, SRA: 1	Released	2022-10-25	2022-07-01T11:38:05.483Z	2022-10-25T09:19:03.070Z	SUB11601558	AGL1095	Severe acute respiratory syndrome coronavirus 2
SAMN29453443	348_d5	BioProject: 1, SRA: 1	Released	2022-10-25	2022-07-01T11:38:08.426Z	2022-10-25T09:19:03.040Z	SUB11601558	AGL3109	Severe acute respiratory syndrome coronavirus 2
SAMN29453023	207_d5	BioProject: 1, SRA: 1	Released	2022-10-25	2022-07-01T11:38:04.390Z	2022-10-25T09:19:03.016Z	SUB11601558	AGL0542	Severe acute respiratory syndrome coronavirus 2
SAMN29453346	316_d3	BioProject: 1, SRA: 1	Released	2022-10-25	2022-07-01T11:38:07.530Z	2022-10-25T09:19:03Z	SUB11601558	AGL2427	Severe acute respiratory syndrome coronavirus 2
SAMN29453479	360_d5	BioProject: 1, SRA: 1	Released	2022-10-25	2022-07-01T11:38:08.760Z	2022-10-25T09:19:02.983Z	SUB11601558	AGL2867	Severe acute respiratory syndrome coronavirus 2
SAMN29453513	372_d3	BioProject: 1, SRA: 1	Released	2022-10-25	2022-07-01T11:38:09.076Z	2022-10-25T09:19:02.966Z	SUB11601558	AGL2743	Severe acute respiratory syndrome coronavirus 2
SAMN29453415	339_d3	BioProject: 1, SRA: 1	Released	2022-10-25	2022-07-01T11:38:08.166Z	2022-10-25T09:19:02.936Z	SUB11601558	AGL2619	Severe acute respiratory syndrome coronavirus 2
SAMN29453522	375_d3	BioProject: 1, SRA: 1	Released	2022-10-25	2022-07-01T11:38:09.160Z	2022-10-25T09:19:02.920Z	SUB11601558	AGL2981	Severe acute respiratory syndrome coronavirus 2
SAMN29453496	366_d5	BioProject: 1, SRA: 1	Released	2022-10-25	2022-07-01T11:38:08.923Z	2022-10-25T09:19:02.903Z	SUB11601558	AGL3128	Severe acute respiratory syndrome coronavirus 2
SAMN29453018	206_d1	BioProject: 1, SRA: 1	Released	2022-10-25	2022-07-01T11:38:04.343Z	2022-10-25T09:19:02.870Z	SUB11601558	AGL0638	Severe acute respiratory syndrome coronavirus 2
SAMN29453380	327_d5	BioProject: 1, SRA: 1	Released	2022-10-25	2022-07-01T11:38:07.836Z	2022-10-25T09:19:02.853Z	SUB11601558	AGL2458	Severe acute respiratory syndrome coronavirus 2
SAMN29453355	319_d3	BioProject: 1, SRA: 1	Released	2022-10-25	2022-07-01T11:38:07.610Z	2022-10-25T09:19:02.830Z	SUB11601558	AGL1945	Severe acute respiratory syndrome coronavirus 2
SAMN29453014	204_d5	BioProject: 1, SRA: 1	Released	2022-10-25	2022-07-01T11:38:04.306Z	2022-10-25T09:19:02.806Z	SUB11601558	AGL0673	Severe acute respiratory syndrome coronavirus 2
SAMN29453057	219_d1	BioProject: 1, SRA: 1	Released	2022-10-25	2022-07-01T11:38:04.733Z	2022-10-25T09:19:02.783Z	SUB11601558	AGL0630	Severe acute respiratory syndrome coronavirus 2
SAMN29453291	298_d1	BioProject: 1, SRA: 1	Released	2022-10-25	2022-07-01T11:38:06.990Z	2022-10-25T09:19:02.760Z	SUB11601558	AGL1844	Severe acute respiratory syndrome coronavirus 2
SAMN29453081	227_d1	BioProject: 1, SRA: 1	Released	2022-10-25	2022-07-01T11:38:04.963Z	2022-10-25T09:19:02.736Z	SUB11601558	AGL1029	Severe acute respiratory syndrome coronavirus 2
SAMN29453454	352_d3	BioProject: 1, SRA: 1	Released	2022-10-25	2022-07-01T11:38:08.526Z	2022-10-25T09:19:02.700Z	SUB11601558	AGL2531	Severe acute respiratory syndrome coronavirus 2
